Workbook

Sheet لوحة الإشراف العامة للقسم
A1: لوحة المتابعة الإشرافية العامة للتعليم عن بعد - قسم الرياضيات (النسخة المبسطة المحدثة)
A3: فلتر الأسبوع (1 - 17): | C3: جميع الأسابيع | D3: فلتر المجمع التعليمي: | F3: جميع المجمعات
A5: اسم المشرف التربوي | B5: إجمالي المعلمين (تميز/تحسين) | C5: المعلمون المتميزون | D5: الملاحظات وفرص التطوير | E5: الملاحظات المحلولة | F5: الملاحظات المستمرة | G5: نسبة الإغلاق | H5: حالة الإنجاز
A6: السيد سالم | B6: =IF(AND($C$3="جميع الأسابيع",$F$3="جميع المجمعات"), 'السيد سالم'!D3, IF($C$3="جميع الأسابيع", COUNTIF('السيد سالم'!$C$13:$C$32,$F$3)+COUNTIF('السيد سالم'!$B$35:$B$70,$F$3), IF($F$3="جميع المجمعات", COUNTIF('السيد سالم'!$A$13:$A$32,$C$3)+COUNTIF('السيد سالم'!$A$35:$A$70,$C$3), COUNTIFS('السيد سالم'!$A$13:$A$32,$C$3,'السيد سالم'!$C$13:$C$32,$F$3)+COUNTIFS('السيد سالم'!$A$35:$A$70,$C$3,'السيد سالم'!$B$35:$B$70,$F$3)))) -> 19 | C6: =IF(AND($C$3="جميع الأسابيع",$F$3="جميع المجمعات"), 'السيد سالم'!D4, IF($C$3="جميع الأسابيع", COUNTIF('السيد سالم'!$C$13:$C$32,$F$3), IF($F$3="جميع المجمعات", COUNTIF('السيد سالم'!$A$13:$A$32,$C$3), COUNTIFS('السيد سالم'!$A$13:$A$32,$C$3,'السيد سالم'!$C$13:$C$32,$F$3)))) -> 11 | D6: =IF(AND($C$3="جميع الأسابيع",$F$3="جميع المجمعات"), 'السيد سالم'!D5, IF($C$3="جميع الأسابيع", COUNTIF('السيد سالم'!$B$35:$B$70,$F$3), IF($F$3="جميع المجمعات", COUNTIF('السيد سالم'!$A$35:$A$70,$C$3), COUNTIFS('السيد سالم'!$A$35:$A$70,$C$3,'السيد سالم'!$B$35:$B$70,$F$3)))) -> 8 | E6: =IF(AND($C$3="جميع الأسابيع",$F$3="جميع المجمعات"), 'السيد سالم'!D6, IF($C$3="جميع الأسابيع", COUNTIFS('السيد سالم'!$B$35:$B$70,$F$3,'السيد سالم'!$G$35:$G$70,"تم الحل"), IF($F$3="جميع المجمعات", COUNTIFS('السيد سالم'!$A$35:$A$70,$C$3,'السيد سالم'!$G$35:$G$70,"تم الحل"), COUNTIFS('السيد سالم'!$A$35:$A$70,$C$3,'السيد سالم'!$B$35:$B$70,$F$3,'السيد سالم'!$G$35:$G$70,"تم الحل")))) -> 5 | F6: =IF(AND($C$3="جميع الأسابيع",$F$3="جميع المجمعات"), 'السيد سالم'!D7, IF($C$3="جميع الأسابيع", COUNTIFS('السيد سالم'!$B$35:$B$70,$F$3,'السيد سالم'!$G$35:$G$70,"مستمرة"), IF($F$3="جميع المجمعات", COUNTIFS('السيد سالم'!$A$35:$A$70,$C$3,'السيد سالم'!$G$35:$G$70,"مستمرة"), COUNTIFS('السيد سالم'!$A$35:$A$70,$C$3,'السيد سالم'!$B$35:$B$70,$F$3,'السيد سالم'!$G$35:$G$70,"مستمرة")))) -> 3 | G6: =IFERROR(E6/(E6+F6), 0) -> 0.625 | H6: =IF(B6=0, "لا توجد بيانات", IF(F6=0, "مكتمل ومغلق", "قيد المتابعة")) -> قيد المتابعة
A7: محمد السويركي | B7: =IF(AND($C$3="جميع الأسابيع",$F$3="جميع المجمعات"), 'محمد السويركي'!D3, IF($C$3="جميع الأسابيع", COUNTIF('محمد السويركي'!$C$13:$C$32,$F$3)+COUNTIF('محمد السويركي'!$B$35:$B$70,$F$3), IF($F$3="جميع المجمعات", COUNTIF('محمد السويركي'!$A$13:$A$32,$C$3)+COUNTIF('محمد السويركي'!$A$35:$A$70,$C$3), COUNTIFS('محمد السويركي'!$A$13:$A$32,$C$3,'محمد السويركي'!$C$13:$C$32,$F$3)+COUNTIFS('محمد السويركي'!$A$35:$A$70,$C$3,'محمد السويركي'!$B$35:$B$70,$F$3)))) -> 19 | C7: =IF(AND($C$3="جميع الأسابيع",$F$3="جميع المجمعات"), 'محمد السويركي'!D4, IF($C$3="جميع الأسابيع", COUNTIF('محمد السويركي'!$C$13:$C$32,$F$3), IF($F$3="جميع المجمعات", COUNTIF('محمد السويركي'!$A$13:$A$32,$C$3), COUNTIFS('محمد السويركي'!$A$13:$A$32,$C$3,'محمد السويركي'!$C$13:$C$32,$F$3)))) -> 17 | D7: =IF(AND($C$3="جميع الأسابيع",$F$3="جميع المجمعات"), 'محمد السويركي'!D5, IF($C$3="جميع الأسابيع", COUNTIF('محمد السويركي'!$B$35:$B$70,$F$3), IF($F$3="جميع المجمعات", COUNTIF('محمد السويركي'!$A$35:$A$70,$C$3), COUNTIFS('محمد السويركي'!$A$35:$A$70,$C$3,'محمد السويركي'!$B$35:$B$70,$F$3)))) -> 2 | E7: =IF(AND($C$3="جميع الأسابيع",$F$3="جميع المجمعات"), 'محمد السويركي'!D6, IF($C$3="جميع الأسابيع", COUNTIFS('محمد السويركي'!$B$35:$B$70,$F$3,'محمد السويركي'!$G$35:$G$70,"تم الحل"), IF($F$3="جميع المجمعات", COUNTIFS('محمد السويركي'!$A$35:$A$70,$C$3,'محمد السويركي'!$G$35:$G$70,"تم الحل"), COUNTIFS('محمد السويركي'!$A$35:$A$70,$C$3,'محمد السويركي'!$B$35:$B$70,$F$3,'محمد السويركي'!$G$35:$G$70,"تم الحل")))) -> 2 | F7: =IF(AND($C$3="جميع الأسابيع",$F$3="جميع المجمعات"), 'محمد السويركي'!D7, IF($C$3="جميع الأسابيع", COUNTIFS('محمد السويركي'!$B$35:$B$70,$F$3,'محمد السويركي'!$G$35:$G$70,"مستمرة"), IF($F$3="جميع المجمعات", COUNTIFS('محمد السويركي'!$A$35:$A$70,$C$3,'محمد السويركي'!$G$35:$G$70,"مستمرة"), COUNTIFS('محمد السويركي'!$A$35:$A$70,$C$3,'محمد السويركي'!$B$35:$B$70,$F$3,'محمد السويركي'!$G$35:$G$70,"مستمرة")))) -> 0 | G7: =IFERROR(E7/(E7+F7), 0) -> 1 | H7: =IF(B7=0, "لا توجد بيانات", IF(F7=0, "مكتمل ومغلق", "قيد المتابعة")) -> مكتمل ومغلق
A8: خالد عبد ربه | B8: =IF(AND($C$3="جميع الأسابيع",$F$3="جميع المجمعات"), 'خالد عبد ربه'!D3, IF($C$3="جميع الأسابيع", COUNTIF('خالد عبد ربه'!$C$13:$C$32,$F$3)+COUNTIF('خالد عبد ربه'!$B$35:$B$70,$F$3), IF($F$3="جميع المجمعات", COUNTIF('خالد عبد ربه'!$A$13:$A$32,$C$3)+COUNTIF('خالد عبد ربه'!$A$35:$A$70,$C$3), COUNTIFS('خالد عبد ربه'!$A$13:$A$32,$C$3,'خالد عبد ربه'!$C$13:$C$32,$F$3)+COUNTIFS('خالد عبد ربه'!$A$35:$A$70,$C$3,'خالد عبد ربه'!$B$35:$B$70,$F$3)))) -> 0 | C8: =IF(AND($C$3="جميع الأسابيع",$F$3="جميع المجمعات"), 'خالد عبد ربه'!D4, IF($C$3="جميع الأسابيع", COUNTIF('خالد عبد ربه'!$C$13:$C$32,$F$3), IF($F$3="جميع المجمعات", COUNTIF('خالد عبد ربه'!$A$13:$A$32,$C$3), COUNTIFS('خالد عبد ربه'!$A$13:$A$32,$C$3,'خالد عبد ربه'!$C$13:$C$32,$F$3)))) -> 0 | D8: =IF(AND($C$3="جميع الأسابيع",$F$3="جميع المجمعات"), 'خالد عبد ربه'!D5, IF($C$3="جميع الأسابيع", COUNTIF('خالد عبد ربه'!$B$35:$B$70,$F$3), IF($F$3="جميع المجمعات", COUNTIF('خالد عبد ربه'!$A$35:$A$70,$C$3), COUNTIFS('خالد عبد ربه'!$A$35:$A$70,$C$3,'خالد عبد ربه'!$B$35:$B$70,$F$3)))) -> 0 | E8: =IF(AND($C$3="جميع الأسابيع",$F$3="جميع المجمعات"), 'خالد عبد ربه'!D6, IF($C$3="جميع الأسابيع", COUNTIFS('خالد عبد ربه'!$B$35:$B$70,$F$3,'خالد عبد ربه'!$G$35:$G$70,"تم الحل"), IF($F$3="جميع المجمعات", COUNTIFS('خالد عبد ربه'!$A$35:$A$70,$C$3,'خالد عبد ربه'!$G$35:$G$70,"تم الحل"), COUNTIFS('خالد عبد ربه'!$A$35:$A$70,$C$3,'خالد عبد ربه'!$B$35:$B$70,$F$3,'خالد عبد ربه'!$G$35:$G$70,"تم الحل")))) -> 0 | F8: =IF(AND($C$3="جميع الأسابيع",$F$3="جميع المجمعات"), 'خالد عبد ربه'!D7, IF($C$3="جميع الأسابيع", COUNTIFS('خالد عبد ربه'!$B$35:$B$70,$F$3,'خالد عبد ربه'!$G$35:$G$70,"مستمرة"), IF($F$3="جميع المجمعات", COUNTIFS('خالد عبد ربه'!$A$35:$A$70,$C$3,'خالد عبد ربه'!$G$35:$G$70,"مستمرة"), COUNTIFS('خالد عبد ربه'!$A$35:$A$70,$C$3,'خالد عبد ربه'!$B$35:$B$70,$F$3,'خالد عبد ربه'!$G$35:$G$70,"مستمرة")))) -> 0 | G8: =IFERROR(E8/(E8+F8), 0) -> 0 | H8: =IF(B8=0, "لا توجد بيانات", IF(F8=0, "مكتمل ومغلق", "قيد المتابعة")) -> لا توجد بيانات
A9: ناريمان الحجاجرة | B9: =IF(AND($C$3="جميع الأسابيع",$F$3="جميع المجمعات"), 'ناريمان الحجاجرة'!D3, IF($C$3="جميع الأسابيع", COUNTIF('ناريمان الحجاجرة'!$C$13:$C$32,$F$3)+COUNTIF('ناريمان الحجاجرة'!$B$35:$B$70,$F$3), IF($F$3="جميع المجمعات", COUNTIF('ناريمان الحجاجرة'!$A$13:$A$32,$C$3)+COUNTIF('ناريمان الحجاجرة'!$A$35:$A$70,$C$3), COUNTIFS('ناريمان الحجاجرة'!$A$13:$A$32,$C$3,'ناريمان الحجاجرة'!$C$13:$C$32,$F$3)+COUNTIFS('ناريمان الحجاجرة'!$A$35:$A$70,$C$3,'ناريمان الحجاجرة'!$B$35:$B$70,$F$3)))) -> 17 | C9: =IF(AND($C$3="جميع الأسابيع",$F$3="جميع المجمعات"), 'ناريمان الحجاجرة'!D4, IF($C$3="جميع الأسابيع", COUNTIF('ناريمان الحجاجرة'!$C$13:$C$32,$F$3), IF($F$3="جميع المجمعات", COUNTIF('ناريمان الحجاجرة'!$A$13:$A$32,$C$3), COUNTIFS('ناريمان الحجاجرة'!$A$13:$A$32,$C$3,'ناريمان الحجاجرة'!$C$13:$C$32,$F$3)))) -> 12 | D9: =IF(AND($C$3="جميع الأسابيع",$F$3="جميع المجمعات"), 'ناريمان الحجاجرة'!D5, IF($C$3="جميع الأسابيع", COUNTIF('ناريمان الحجاجرة'!$B$35:$B$70,$F$3), IF($F$3="جميع المجمعات", COUNTIF('ناريمان الحجاجرة'!$A$35:$A$70,$C$3), COUNTIFS('ناريمان الحجاجرة'!$A$35:$A$70,$C$3,'ناريمان الحجاجرة'!$B$35:$B$70,$F$3)))) -> 5 | E9: =IF(AND($C$3="جميع الأسابيع",$F$3="جميع المجمعات"), 'ناريمان الحجاجرة'!D6, IF($C$3="جميع الأسابيع", COUNTIFS('ناريمان الحجاجرة'!$B$35:$B$70,$F$3,'ناريمان الحجاجرة'!$G$35:$G$70,"تم الحل"), IF($F$3="جميع المجمعات", COUNTIFS('ناريمان الحجاجرة'!$A$35:$A$70,$C$3,'ناريمان الحجاجرة'!$G$35:$G$70,"تم الحل"), COUNTIFS('ناريمان الحجاجرة'!$A$35:$A$70,$C$3,'ناريمان الحجاجرة'!$B$35:$B$70,$F$3,'ناريمان الحجاجرة'!$G$35:$G$70,"تم الحل")))) -> 0 | F9: =IF(AND($C$3="جميع الأسابيع",$F$3="جميع المجمعات"), 'ناريمان الحجاجرة'!D7, IF($C$3="جميع الأسابيع", COUNTIFS('ناريمان الحجاجرة'!$B$35:$B$70,$F$3,'ناريمان الحجاجرة'!$G$35:$G$70,"مستمرة"), IF($F$3="جميع المجمعات", COUNTIFS('ناريمان الحجاجرة'!$A$35:$A$70,$C$3,'ناريمان الحجاجرة'!$G$35:$G$70,"مستمرة"), COUNTIFS('ناريمان الحجاجرة'!$A$35:$A$70,$C$3,'ناريمان الحجاجرة'!$B$35:$B$70,$F$3,'ناريمان الحجاجرة'!$G$35:$G$70,"مستمرة")))) -> 0 | G9: =IFERROR(E9/(E9+F9), 0) -> 0 | H9: =IF(B9=0, "لا توجد بيانات", IF(F9=0, "مكتمل ومغلق", "قيد المتابعة")) -> مكتمل ومغلق
A10: مروة حسان | B10: =IF(AND($C$3="جميع الأسابيع",$F$3="جميع المجمعات"), 'مروة حسان'!D3, IF($C$3="جميع الأسابيع", COUNTIF('مروة حسان'!$C$13:$C$32,$F$3)+COUNTIF('مروة حسان'!$B$35:$B$70,$F$3), IF($F$3="جميع المجمعات", COUNTIF('مروة حسان'!$A$13:$A$32,$C$3)+COUNTIF('مروة حسان'!$A$35:$A$70,$C$3), COUNTIFS('مروة حسان'!$A$13:$A$32,$C$3,'مروة حسان'!$C$13:$C$32,$F$3)+COUNTIFS('مروة حسان'!$A$35:$A$70,$C$3,'مروة حسان'!$B$35:$B$70,$F$3)))) -> 23 | C10: =IF(AND($C$3="جميع الأسابيع",$F$3="جميع المجمعات"), 'مروة حسان'!D4, IF($C$3="جميع الأسابيع", COUNTIF('مروة حسان'!$C$13:$C$32,$F$3), IF($F$3="جميع المجمعات", COUNTIF('مروة حسان'!$A$13:$A$32,$C$3), COUNTIFS('مروة حسان'!$A$13:$A$32,$C$3,'مروة حسان'!$C$13:$C$32,$F$3)))) -> 15 | D10: =IF(AND($C$3="جميع الأسابيع",$F$3="جميع المجمعات"), 'مروة حسان'!D5, IF($C$3="جميع الأسابيع", COUNTIF('مروة حسان'!$B$35:$B$70,$F$3), IF($F$3="جميع المجمعات", COUNTIF('مروة حسان'!$A$35:$A$70,$C$3), COUNTIFS('مروة حسان'!$A$35:$A$70,$C$3,'مروة حسان'!$B$35:$B$70,$F$3)))) -> 8 | E10: =IF(AND($C$3="جميع الأسابيع",$F$3="جميع المجمعات"), 'مروة حسان'!D6, IF($C$3="جميع الأسابيع", COUNTIFS('مروة حسان'!$B$35:$B$70,$F$3,'مروة حسان'!$G$35:$G$70,"تم الحل"), IF($F$3="جميع المجمعات", COUNTIFS('مروة حسان'!$A$35:$A$70,$C$3,'مروة حسان'!$G$35:$G$70,"تم الحل"), COUNTIFS('مروة حسان'!$A$35:$A$70,$C$3,'مروة حسان'!$B$35:$B$70,$F$3,'مروة حسان'!$G$35:$G$70,"تم الحل")))) -> 8 | F10: =IF(AND($C$3="جميع الأسابيع",$F$3="جميع المجمعات"), 'مروة حسان'!D7, IF($C$3="جميع الأسابيع", COUNTIFS('مروة حسان'!$B$35:$B$70,$F$3,'مروة حسان'!$G$35:$G$70,"مستمرة"), IF($F$3="جميع المجمعات", COUNTIFS('مروة حسان'!$A$35:$A$70,$C$3,'مروة حسان'!$G$35:$G$70,"مستمرة"), COUNTIFS('مروة حسان'!$A$35:$A$70,$C$3,'مروة حسان'!$B$35:$B$70,$F$3,'مروة حسان'!$G$35:$G$70,"مستمرة")))) -> 0 | G10: =IFERROR(E10/(E10+F10), 0) -> 1 | H10: =IF(B10=0, "لا توجد بيانات", IF(F10=0, "مكتمل ومغلق", "قيد المتابعة")) -> مكتمل ومغلق
A11: إيمان المبارك | B11: =IF(AND($C$3="جميع الأسابيع",$F$3="جميع المجمعات"), 'إيمان المبارك'!D3, IF($C$3="جميع الأسابيع", COUNTIF('إيمان المبارك'!$C$13:$C$32,$F$3)+COUNTIF('إيمان المبارك'!$B$35:$B$70,$F$3), IF($F$3="جميع المجمعات", COUNTIF('إيمان المبارك'!$A$13:$A$32,$C$3)+COUNTIF('إيمان المبارك'!$A$35:$A$70,$C$3), COUNTIFS('إيمان المبارك'!$A$13:$A$32,$C$3,'إيمان المبارك'!$C$13:$C$32,$F$3)+COUNTIFS('إيمان المبارك'!$A$35:$A$70,$C$3,'إيمان المبارك'!$B$35:$B$70,$F$3)))) -> 0 | C11: =IF(AND($C$3="جميع الأسابيع",$F$3="جميع المجمعات"), 'إيمان المبارك'!D4, IF($C$3="جميع الأسابيع", COUNTIF('إيمان المبارك'!$C$13:$C$32,$F$3), IF($F$3="جميع المجمعات", COUNTIF('إيمان المبارك'!$A$13:$A$32,$C$3), COUNTIFS('إيمان المبارك'!$A$13:$A$32,$C$3,'إيمان المبارك'!$C$13:$C$32,$F$3)))) -> 0 | D11: =IF(AND($C$3="جميع الأسابيع",$F$3="جميع المجمعات"), 'إيمان المبارك'!D5, IF($C$3="جميع الأسابيع", COUNTIF('إيمان المبارك'!$B$35:$B$70,$F$3), IF($F$3="جميع المجمعات", COUNTIF('إيمان المبارك'!$A$35:$A$70,$C$3), COUNTIFS('إيمان المبارك'!$A$35:$A$70,$C$3,'إيمان المبارك'!$B$35:$B$70,$F$3)))) -> 0 | E11: =IF(AND($C$3="جميع الأسابيع",$F$3="جميع المجمعات"), 'إيمان المبارك'!D6, IF($C$3="جميع الأسابيع", COUNTIFS('إيمان المبارك'!$B$35:$B$70,$F$3,'إيمان المبارك'!$G$35:$G$70,"تم الحل"), IF($F$3="جميع المجمعات", COUNTIFS('إيمان المبارك'!$A$35:$A$70,$C$3,'إيمان المبارك'!$G$35:$G$70,"تم الحل"), COUNTIFS('إيمان المبارك'!$A$35:$A$70,$C$3,'إيمان المبارك'!$B$35:$B$70,$F$3,'إيمان المبارك'!$G$35:$G$70,"تم الحل")))) -> 0 | F11: =IF(AND($C$3="جميع الأسابيع",$F$3="جميع المجمعات"), 'إيمان المبارك'!D7, IF($C$3="جميع الأسابيع", COUNTIFS('إيمان المبارك'!$B$35:$B$70,$F$3,'إيمان المبارك'!$G$35:$G$70,"مستمرة"), IF($F$3="جميع المجمعات", COUNTIFS('إيمان المبارك'!$A$35:$A$70,$C$3,'إيمان المبارك'!$G$35:$G$70,"مستمرة"), COUNTIFS('إيمان المبارك'!$A$35:$A$70,$C$3,'إيمان المبارك'!$B$35:$B$70,$F$3,'إيمان المبارك'!$G$35:$G$70,"مستمرة")))) -> 0 | G11: =IFERROR(E11/(E11+F11), 0) -> 0 | H11: =IF(B11=0, "لا توجد بيانات", IF(F11=0, "مكتمل ومغلق", "قيد المتابعة")) -> لا توجد بيانات
A12: الإجمالي العام للقسم | B12: =SUM(B6:B11) -> 78 | C12: =SUM(C6:C11) -> 55 | D12: =SUM(D6:D11) -> 23 | E12: =SUM(E6:E11) -> 15 | F12: =SUM(F6:F11) -> 3 | G12: =IFERROR(E12/(E12+F12), 0) -> 0.83333333 | H12: -
A14: ملخص المؤشرات والملاحظات حسب المجمع التعليمي (يتفاعل تلقائياً مع فلتر الأسبوع بأعلى الصفحة)
A15: المجمع التعليمي | B15: إجمالي المعلمين (تميز/تحسين) | C15: المعلمون المتميزون | D15: الملاحظات وفرص التطوير | E15: الملاحظات المحلولة | F15: الملاحظات المستمرة | G15: نسبة الإغلاق | H15: حالة المجمع
A16: رواد الإزدهار | B16: =C16+D16 -> 11 | C16: =IF($C$3="جميع الأسابيع", COUNTIF('السيد سالم'!$C$13:$C$32, $A16)+COUNTIF('محمد السويركي'!$C$13:$C$32, $A16)+COUNTIF('خالد عبد ربه'!$C$13:$C$32, $A16)+COUNTIF('ناريمان الحجاجرة'!$C$13:$C$32, $A16)+COUNTIF('مروة حسان'!$C$13:$C$32, $A16)+COUNTIF('إيمان المبارك'!$C$13:$C$32, $A16), COUNTIFS('السيد سالم'!$C$13:$C$32, $A16, 'السيد سالم'!$A$13:$A$32, $C$3)+COUNTIFS('محمد السويركي'!$C$13:$C$32, $A16, 'محمد السويركي'!$A$13:$A$32, $C$3)+COUNTIFS('خالد عبد ربه'!$C$13:$C$32, $A16, 'خالد عبد ربه'!$A$13:$A$32, $C$3)+COUNTIFS('ناريمان الحجاجرة'!$C$13:$C$32, $A16, 'ناريمان الحجاجرة'!$A$13:$A$32, $C$3)+COUNTIFS('مروة حسان'!$C$13:$C$32, $A16, 'مروة حسان'!$A$13:$A$32, $C$3)+COUNTIFS('إيمان المبارك'!$C$13:$C$32, $A16, 'إيمان المبارك'!$A$13:$A$32, $C$3)) -> 6 | D16: =IF($C$3="جميع الأسابيع", COUNTIF('السيد سالم'!$B$35:$B$70, $A16)+COUNTIF('محمد السويركي'!$B$35:$B$70, $A16)+COUNTIF('خالد عبد ربه'!$B$35:$B$70, $A16)+COUNTIF('ناريمان الحجاجرة'!$B$35:$B$70, $A16)+COUNTIF('مروة حسان'!$B$35:$B$70, $A16)+COUNTIF('إيمان المبارك'!$B$35:$B$70, $A16), COUNTIFS('السيد سالم'!$B$35:$B$70, $A16, 'السيد سالم'!$A$35:$A$70, $C$3)+COUNTIFS('محمد السويركي'!$B$35:$B$70, $A16, 'محمد السويركي'!$A$35:$A$70, $C$3)+COUNTIFS('خالد عبد ربه'!$B$35:$B$70, $A16, 'خالد عبد ربه'!$A$35:$A$70, $C$3)+COUNTIFS('ناريمان الحجاجرة'!$B$35:$B$70, $A16, 'ناريمان الحجاجرة'!$A$35:$A$70, $C$3)+COUNTIFS('مروة حسان'!$B$35:$B$70, $A16, 'مروة حسان'!$A$35:$A$70, $C$3)+COUNTIFS('إيمان المبارك'!$B$35:$B$70, $A16, 'إيمان المبارك'!$A$35:$A$70, $C$3)) -> 5 | E16: =IF($C$3="جميع الأسابيع", COUNTIFS('السيد سالم'!$B$35:$B$70, $A16, 'السيد سالم'!$G$35:$G$70, "تم الحل")+COUNTIFS('محمد السويركي'!$B$35:$B$70, $A16, 'محمد السويركي'!$G$35:$G$70, "تم الحل")+COUNTIFS('خالد عبد ربه'!$B$35:$B$70, $A16, 'خالد عبد ربه'!$G$35:$G$70, "تم الحل")+COUNTIFS('ناريمان الحجاجرة'!$B$35:$B$70, $A16, 'ناريمان الحجاجرة'!$G$35:$G$70, "تم الحل")+COUNTIFS('مروة حسان'!$B$35:$B$70, $A16, 'مروة حسان'!$G$35:$G$70, "تم الحل")+COUNTIFS('إيمان المبارك'!$B$35:$B$70, $A16, 'إيمان المبارك'!$G$35:$G$70, "تم الحل"), COUNTIFS('السيد سالم'!$B$35:$B$70, $A16, 'السيد سالم'!$A$35:$A$70, $C$3, 'السيد سالم'!$G$35:$G$70, "تم الحل")+COUNTIFS('محمد السويركي'!$B$35:$B$70, $A16, 'محمد السويركي'!$A$35:$A$70, $C$3, 'محمد السويركي'!$G$35:$G$70, "تم الحل")+COUNTIFS('خالد عبد ربه'!$B$35:$B$70, $A16, 'خالد عبد ربه'!$A$35:$A$70, $C$3, 'خالد عبد ربه'!$G$35:$G$70, "تم الحل")+COUNTIFS('ناريمان الحجاجرة'!$B$35:$B$70, $A16, 'ناريمان الحجاجرة'!$A$35:$A$70, $C$3, 'ناريمان الحجاجرة'!$G$35:$G$70, "تم الحل")+COUNTIFS('مروة حسان'!$B$35:$B$70, $A16, 'مروة حسان'!$A$35:$A$70, $C$3, 'مروة حسان'!$G$35:$G$70, "تم الحل")+COUNTIFS('إيمان المبارك'!$B$35:$B$70, $A16, 'إيمان المبارك'!$A$35:$A$70, $C$3, 'إيمان المبارك'!$G$35:$G$70, "تم الحل")) -> 4 | F16: =IF($C$3="جميع الأسابيع", COUNTIFS('السيد سالم'!$B$35:$B$70, $A16, 'السيد سالم'!$G$35:$G$70, "مستمرة")+COUNTIFS('محمد السويركي'!$B$35:$B$70, $A16, 'محمد السويركي'!$G$35:$G$70, "مستمرة")+COUNTIFS('خالد عبد ربه'!$B$35:$B$70, $A16, 'خالد عبد ربه'!$G$35:$G$70, "مستمرة")+COUNTIFS('ناريمان الحجاجرة'!$B$35:$B$70, $A16, 'ناريمان الحجاجرة'!$G$35:$G$70, "مستمرة")+COUNTIFS('مروة حسان'!$B$35:$B$70, $A16, 'مروة حسان'!$G$35:$G$70, "مستمرة")+COUNTIFS('إيمان المبارك'!$B$35:$B$70, $A16, 'إيمان المبارك'!$G$35:$G$70, "مستمرة"), COUNTIFS('السيد سالم'!$B$35:$B$70, $A16, 'السيد سالم'!$A$35:$A$70, $C$3, 'السيد سالم'!$G$35:$G$70, "مستمرة")+COUNTIFS('محمد السويركي'!$B$35:$B$70, $A16, 'محمد السويركي'!$A$35:$A$70, $C$3, 'محمد السويركي'!$G$35:$G$70, "مستمرة")+COUNTIFS('خالد عبد ربه'!$B$35:$B$70, $A16, 'خالد عبد ربه'!$A$35:$A$70, $C$3, 'خالد عبد ربه'!$G$35:$G$70, "مستمرة")+COUNTIFS('ناريمان الحجاجرة'!$B$35:$B$70, $A16, 'ناريمان الحجاجرة'!$A$35:$A$70, $C$3, 'ناريمان الحجاجرة'!$G$35:$G$70, "مستمرة")+COUNTIFS('مروة حسان'!$B$35:$B$70, $A16, 'مروة حسان'!$A$35:$A$70, $C$3, 'مروة حسان'!$G$35:$G$70, "مستمرة")+COUNTIFS('إيمان المبارك'!$B$35:$B$70, $A16, 'إيمان المبارك'!$A$35:$A$70, $C$3, 'إيمان المبارك'!$G$35:$G$70, "مستمرة")) -> 1 | G16: =IFERROR(E16/(E16+F16), 0) -> 0.8 | H16: =IF(D16=0, "لا توجد ملاحظات", IF(F16=0, "تم إغلاق الملاحظات", "يوجد ملاحظات مستمرة")) -> يوجد ملاحظات مستمرة
A17: رواد الغدير | B17: =C17+D17 -> 2 | C17: =IF($C$3="جميع الأسابيع", COUNTIF('السيد سالم'!$C$13:$C$32, $A17)+COUNTIF('محمد السويركي'!$C$13:$C$32, $A17)+COUNTIF('خالد عبد ربه'!$C$13:$C$32, $A17)+COUNTIF('ناريمان الحجاجرة'!$C$13:$C$32, $A17)+COUNTIF('مروة حسان'!$C$13:$C$32, $A17)+COUNTIF('إيمان المبارك'!$C$13:$C$32, $A17), COUNTIFS('السيد سالم'!$C$13:$C$32, $A17, 'السيد سالم'!$A$13:$A$32, $C$3)+COUNTIFS('محمد السويركي'!$C$13:$C$32, $A17, 'محمد السويركي'!$A$13:$A$32, $C$3)+COUNTIFS('خالد عبد ربه'!$C$13:$C$32, $A17, 'خالد عبد ربه'!$A$13:$A$32, $C$3)+COUNTIFS('ناريمان الحجاجرة'!$C$13:$C$32, $A17, 'ناريمان الحجاجرة'!$A$13:$A$32, $C$3)+COUNTIFS('مروة حسان'!$C$13:$C$32, $A17, 'مروة حسان'!$A$13:$A$32, $C$3)+COUNTIFS('إيمان المبارك'!$C$13:$C$32, $A17, 'إيمان المبارك'!$A$13:$A$32, $C$3)) -> 2 | D17: =IF($C$3="جميع الأسابيع", COUNTIF('السيد سالم'!$B$35:$B$70, $A17)+COUNTIF('محمد السويركي'!$B$35:$B$70, $A17)+COUNTIF('خالد عبد ربه'!$B$35:$B$70, $A17)+COUNTIF('ناريمان الحجاجرة'!$B$35:$B$70, $A17)+COUNTIF('مروة حسان'!$B$35:$B$70, $A17)+COUNTIF('إيمان المبارك'!$B$35:$B$70, $A17), COUNTIFS('السيد سالم'!$B$35:$B$70, $A17, 'السيد سالم'!$A$35:$A$70, $C$3)+COUNTIFS('محمد السويركي'!$B$35:$B$70, $A17, 'محمد السويركي'!$A$35:$A$70, $C$3)+COUNTIFS('خالد عبد ربه'!$B$35:$B$70, $A17, 'خالد عبد ربه'!$A$35:$A$70, $C$3)+COUNTIFS('ناريمان الحجاجرة'!$B$35:$B$70, $A17, 'ناريمان الحجاجرة'!$A$35:$A$70, $C$3)+COUNTIFS('مروة حسان'!$B$35:$B$70, $A17, 'مروة حسان'!$A$35:$A$70, $C$3)+COUNTIFS('إيمان المبارك'!$B$35:$B$70, $A17, 'إيمان المبارك'!$A$35:$A$70, $C$3)) -> 0 | E17: =IF($C$3="جميع الأسابيع", COUNTIFS('السيد سالم'!$B$35:$B$70, $A17, 'السيد سالم'!$G$35:$G$70, "تم الحل")+COUNTIFS('محمد السويركي'!$B$35:$B$70, $A17, 'محمد السويركي'!$G$35:$G$70, "تم الحل")+COUNTIFS('خالد عبد ربه'!$B$35:$B$70, $A17, 'خالد عبد ربه'!$G$35:$G$70, "تم الحل")+COUNTIFS('ناريمان الحجاجرة'!$B$35:$B$70, $A17, 'ناريمان الحجاجرة'!$G$35:$G$70, "تم الحل")+COUNTIFS('مروة حسان'!$B$35:$B$70, $A17, 'مروة حسان'!$G$35:$G$70, "تم الحل")+COUNTIFS('إيمان المبارك'!$B$35:$B$70, $A17, 'إيمان المبارك'!$G$35:$G$70, "تم الحل"), COUNTIFS('السيد سالم'!$B$35:$B$70, $A17, 'السيد سالم'!$A$35:$A$70, $C$3, 'السيد سالم'!$G$35:$G$70, "تم الحل")+COUNTIFS('محمد السويركي'!$B$35:$B$70, $A17, 'محمد السويركي'!$A$35:$A$70, $C$3, 'محمد السويركي'!$G$35:$G$70, "تم الحل")+COUNTIFS('خالد عبد ربه'!$B$35:$B$70, $A17, 'خالد عبد ربه'!$A$35:$A$70, $C$3, 'خالد عبد ربه'!$G$35:$G$70, "تم الحل")+COUNTIFS('ناريمان الحجاجرة'!$B$35:$B$70, $A17, 'ناريمان الحجاجرة'!$A$35:$A$70, $C$3, 'ناريمان الحجاجرة'!$G$35:$G$70, "تم الحل")+COUNTIFS('مروة حسان'!$B$35:$B$70, $A17, 'مروة حسان'!$A$35:$A$70, $C$3, 'مروة حسان'!$G$35:$G$70, "تم الحل")+COUNTIFS('إيمان المبارك'!$B$35:$B$70, $A17, 'إيمان المبارك'!$A$35:$A$70, $C$3, 'إيمان المبارك'!$G$35:$G$70, "تم الحل")) -> 0 | F17: =IF($C$3="جميع الأسابيع", COUNTIFS('السيد سالم'!$B$35:$B$70, $A17, 'السيد سالم'!$G$35:$G$70, "مستمرة")+COUNTIFS('محمد السويركي'!$B$35:$B$70, $A17, 'محمد السويركي'!$G$35:$G$70, "مستمرة")+COUNTIFS('خالد عبد ربه'!$B$35:$B$70, $A17, 'خالد عبد ربه'!$G$35:$G$70, "مستمرة")+COUNTIFS('ناريمان الحجاجرة'!$B$35:$B$70, $A17, 'ناريمان الحجاجرة'!$G$35:$G$70, "مستمرة")+COUNTIFS('مروة حسان'!$B$35:$B$70, $A17, 'مروة حسان'!$G$35:$G$70, "مستمرة")+COUNTIFS('إيمان المبارك'!$B$35:$B$70, $A17, 'إيمان المبارك'!$G$35:$G$70, "مستمرة"), COUNTIFS('السيد سالم'!$B$35:$B$70, $A17, 'السيد سالم'!$A$35:$A$70, $C$3, 'السيد سالم'!$G$35:$G$70, "مستمرة")+COUNTIFS('محمد السويركي'!$B$35:$B$70, $A17, 'محمد السويركي'!$A$35:$A$70, $C$3, 'محمد السويركي'!$G$35:$G$70, "مستمرة")+COUNTIFS('خالد عبد ربه'!$B$35:$B$70, $A17, 'خالد عبد ربه'!$A$35:$A$70, $C$3, 'خالد عبد ربه'!$G$35:$G$70, "مستمرة")+COUNTIFS('ناريمان الحجاجرة'!$B$35:$B$70, $A17, 'ناريمان الحجاجرة'!$A$35:$A$70, $C$3, 'ناريمان الحجاجرة'!$G$35:$G$70, "مستمرة")+COUNTIFS('مروة حسان'!$B$35:$B$70, $A17, 'مروة حسان'!$A$35:$A$70, $C$3, 'مروة حسان'!$G$35:$G$70, "مستمرة")+COUNTIFS('إيمان المبارك'!$B$35:$B$70, $A17, 'إيمان المبارك'!$A$35:$A$70, $C$3, 'إيمان المبارك'!$G$35:$G$70, "مستمرة")) -> 0 | G17: =IFERROR(E17/(E17+F17), 0) -> 0 | H17: =IF(D17=0, "لا توجد ملاحظات", IF(F17=0, "تم إغلاق الملاحظات", "يوجد ملاحظات مستمرة")) -> لا توجد ملاحظات
A18: رواد عرقة | B18: =C18+D18 -> 6 | C18: =IF($C$3="جميع الأسابيع", COUNTIF('السيد سالم'!$C$13:$C$32, $A18)+COUNTIF('محمد السويركي'!$C$13:$C$32, $A18)+COUNTIF('خالد عبد ربه'!$C$13:$C$32, $A18)+COUNTIF('ناريمان الحجاجرة'!$C$13:$C$32, $A18)+COUNTIF('مروة حسان'!$C$13:$C$32, $A18)+COUNTIF('إيمان المبارك'!$C$13:$C$32, $A18), COUNTIFS('السيد سالم'!$C$13:$C$32, $A18, 'السيد سالم'!$A$13:$A$32, $C$3)+COUNTIFS('محمد السويركي'!$C$13:$C$32, $A18, 'محمد السويركي'!$A$13:$A$32, $C$3)+COUNTIFS('خالد عبد ربه'!$C$13:$C$32, $A18, 'خالد عبد ربه'!$A$13:$A$32, $C$3)+COUNTIFS('ناريمان الحجاجرة'!$C$13:$C$32, $A18, 'ناريمان الحجاجرة'!$A$13:$A$32, $C$3)+COUNTIFS('مروة حسان'!$C$13:$C$32, $A18, 'مروة حسان'!$A$13:$A$32, $C$3)+COUNTIFS('إيمان المبارك'!$C$13:$C$32, $A18, 'إيمان المبارك'!$A$13:$A$32, $C$3)) -> 3 | D18: =IF($C$3="جميع الأسابيع", COUNTIF('السيد سالم'!$B$35:$B$70, $A18)+COUNTIF('محمد السويركي'!$B$35:$B$70, $A18)+COUNTIF('خالد عبد ربه'!$B$35:$B$70, $A18)+COUNTIF('ناريمان الحجاجرة'!$B$35:$B$70, $A18)+COUNTIF('مروة حسان'!$B$35:$B$70, $A18)+COUNTIF('إيمان المبارك'!$B$35:$B$70, $A18), COUNTIFS('السيد سالم'!$B$35:$B$70, $A18, 'السيد سالم'!$A$35:$A$70, $C$3)+COUNTIFS('محمد السويركي'!$B$35:$B$70, $A18, 'محمد السويركي'!$A$35:$A$70, $C$3)+COUNTIFS('خالد عبد ربه'!$B$35:$B$70, $A18, 'خالد عبد ربه'!$A$35:$A$70, $C$3)+COUNTIFS('ناريمان الحجاجرة'!$B$35:$B$70, $A18, 'ناريمان الحجاجرة'!$A$35:$A$70, $C$3)+COUNTIFS('مروة حسان'!$B$35:$B$70, $A18, 'مروة حسان'!$A$35:$A$70, $C$3)+COUNTIFS('إيمان المبارك'!$B$35:$B$70, $A18, 'إيمان المبارك'!$A$35:$A$70, $C$3)) -> 3 | E18: =IF($C$3="جميع الأسابيع", COUNTIFS('السيد سالم'!$B$35:$B$70, $A18, 'السيد سالم'!$G$35:$G$70, "تم الحل")+COUNTIFS('محمد السويركي'!$B$35:$B$70, $A18, 'محمد السويركي'!$G$35:$G$70, "تم الحل")+COUNTIFS('خالد عبد ربه'!$B$35:$B$70, $A18, 'خالد عبد ربه'!$G$35:$G$70, "تم الحل")+COUNTIFS('ناريمان الحجاجرة'!$B$35:$B$70, $A18, 'ناريمان الحجاجرة'!$G$35:$G$70, "تم الحل")+COUNTIFS('مروة حسان'!$B$35:$B$70, $A18, 'مروة حسان'!$G$35:$G$70, "تم الحل")+COUNTIFS('إيمان المبارك'!$B$35:$B$70, $A18, 'إيمان المبارك'!$G$35:$G$70, "تم الحل"), COUNTIFS('السيد سالم'!$B$35:$B$70, $A18, 'السيد سالم'!$A$35:$A$70, $C$3, 'السيد سالم'!$G$35:$G$70, "تم الحل")+COUNTIFS('محمد السويركي'!$B$35:$B$70, $A18, 'محمد السويركي'!$A$35:$A$70, $C$3, 'محمد السويركي'!$G$35:$G$70, "تم الحل")+COUNTIFS('خالد عبد ربه'!$B$35:$B$70, $A18, 'خالد عبد ربه'!$A$35:$A$70, $C$3, 'خالد عبد ربه'!$G$35:$G$70, "تم الحل")+COUNTIFS('ناريمان الحجاجرة'!$B$35:$B$70, $A18, 'ناريمان الحجاجرة'!$A$35:$A$70, $C$3, 'ناريمان الحجاجرة'!$G$35:$G$70, "تم الحل")+COUNTIFS('مروة حسان'!$B$35:$B$70, $A18, 'مروة حسان'!$A$35:$A$70, $C$3, 'مروة حسان'!$G$35:$G$70, "تم الحل")+COUNTIFS('إيمان المبارك'!$B$35:$B$70, $A18, 'إيمان المبارك'!$A$35:$A$70, $C$3, 'إيمان المبارك'!$G$35:$G$70, "تم الحل")) -> 1 | F18: =IF($C$3="جميع الأسابيع", COUNTIFS('السيد سالم'!$B$35:$B$70, $A18, 'السيد سالم'!$G$35:$G$70, "مستمرة")+COUNTIFS('محمد السويركي'!$B$35:$B$70, $A18, 'محمد السويركي'!$G$35:$G$70, "مستمرة")+COUNTIFS('خالد عبد ربه'!$B$35:$B$70, $A18, 'خالد عبد ربه'!$G$35:$G$70, "مستمرة")+COUNTIFS('ناريمان الحجاجرة'!$B$35:$B$70, $A18, 'ناريمان الحجاجرة'!$G$35:$G$70, "مستمرة")+COUNTIFS('مروة حسان'!$B$35:$B$70, $A18, 'مروة حسان'!$G$35:$G$70, "مستمرة")+COUNTIFS('إيمان المبارك'!$B$35:$B$70, $A18, 'إيمان المبارك'!$G$35:$G$70, "مستمرة"), COUNTIFS('السيد سالم'!$B$35:$B$70, $A18, 'السيد سالم'!$A$35:$A$70, $C$3, 'السيد سالم'!$G$35:$G$70, "مستمرة")+COUNTIFS('محمد السويركي'!$B$35:$B$70, $A18, 'محمد السويركي'!$A$35:$A$70, $C$3, 'محمد السويركي'!$G$35:$G$70, "مستمرة")+COUNTIFS('خالد عبد ربه'!$B$35:$B$70, $A18, 'خالد عبد ربه'!$A$35:$A$70, $C$3, 'خالد عبد ربه'!$G$35:$G$70, "مستمرة")+COUNTIFS('ناريمان الحجاجرة'!$B$35:$B$70, $A18, 'ناريمان الحجاجرة'!$A$35:$A$70, $C$3, 'ناريمان الحجاجرة'!$G$35:$G$70, "مستمرة")+COUNTIFS('مروة حسان'!$B$35:$B$70, $A18, 'مروة حسان'!$A$35:$A$70, $C$3, 'مروة حسان'!$G$35:$G$70, "مستمرة")+COUNTIFS('إيمان المبارك'!$B$35:$B$70, $A18, 'إيمان المبارك'!$A$35:$A$70, $C$3, 'إيمان المبارك'!$G$35:$G$70, "مستمرة")) -> 2 | G18: =IFERROR(E18/(E18+F18), 0) -> 0.33333333 | H18: =IF(D18=0, "لا توجد ملاحظات", IF(F18=0, "تم إغلاق الملاحظات", "يوجد ملاحظات مستمرة")) -> يوجد ملاحظات مستمرة
A19: رواد أشبيلية | B19: =C19+D19 -> 17 | C19: =IF($C$3="جميع الأسابيع", COUNTIF('السيد سالم'!$C$13:$C$32, $A19)+COUNTIF('محمد السويركي'!$C$13:$C$32, $A19)+COUNTIF('خالد عبد ربه'!$C$13:$C$32, $A19)+COUNTIF('ناريمان الحجاجرة'!$C$13:$C$32, $A19)+COUNTIF('مروة حسان'!$C$13:$C$32, $A19)+COUNTIF('إيمان المبارك'!$C$13:$C$32, $A19), COUNTIFS('السيد سالم'!$C$13:$C$32, $A19, 'السيد سالم'!$A$13:$A$32, $C$3)+COUNTIFS('محمد السويركي'!$C$13:$C$32, $A19, 'محمد السويركي'!$A$13:$A$32, $C$3)+COUNTIFS('خالد عبد ربه'!$C$13:$C$32, $A19, 'خالد عبد ربه'!$A$13:$A$32, $C$3)+COUNTIFS('ناريمان الحجاجرة'!$C$13:$C$32, $A19, 'ناريمان الحجاجرة'!$A$13:$A$32, $C$3)+COUNTIFS('مروة حسان'!$C$13:$C$32, $A19, 'مروة حسان'!$A$13:$A$32, $C$3)+COUNTIFS('إيمان المبارك'!$C$13:$C$32, $A19, 'إيمان المبارك'!$A$13:$A$32, $C$3)) -> 12 | D19: =IF($C$3="جميع الأسابيع", COUNTIF('السيد سالم'!$B$35:$B$70, $A19)+COUNTIF('محمد السويركي'!$B$35:$B$70, $A19)+COUNTIF('خالد عبد ربه'!$B$35:$B$70, $A19)+COUNTIF('ناريمان الحجاجرة'!$B$35:$B$70, $A19)+COUNTIF('مروة حسان'!$B$35:$B$70, $A19)+COUNTIF('إيمان المبارك'!$B$35:$B$70, $A19), COUNTIFS('السيد سالم'!$B$35:$B$70, $A19, 'السيد سالم'!$A$35:$A$70, $C$3)+COUNTIFS('محمد السويركي'!$B$35:$B$70, $A19, 'محمد السويركي'!$A$35:$A$70, $C$3)+COUNTIFS('خالد عبد ربه'!$B$35:$B$70, $A19, 'خالد عبد ربه'!$A$35:$A$70, $C$3)+COUNTIFS('ناريمان الحجاجرة'!$B$35:$B$70, $A19, 'ناريمان الحجاجرة'!$A$35:$A$70, $C$3)+COUNTIFS('مروة حسان'!$B$35:$B$70, $A19, 'مروة حسان'!$A$35:$A$70, $C$3)+COUNTIFS('إيمان المبارك'!$B$35:$B$70, $A19, 'إيمان المبارك'!$A$35:$A$70, $C$3)) -> 5 | E19: =IF($C$3="جميع الأسابيع", COUNTIFS('السيد سالم'!$B$35:$B$70, $A19, 'السيد سالم'!$G$35:$G$70, "تم الحل")+COUNTIFS('محمد السويركي'!$B$35:$B$70, $A19, 'محمد السويركي'!$G$35:$G$70, "تم الحل")+COUNTIFS('خالد عبد ربه'!$B$35:$B$70, $A19, 'خالد عبد ربه'!$G$35:$G$70, "تم الحل")+COUNTIFS('ناريمان الحجاجرة'!$B$35:$B$70, $A19, 'ناريمان الحجاجرة'!$G$35:$G$70, "تم الحل")+COUNTIFS('مروة حسان'!$B$35:$B$70, $A19, 'مروة حسان'!$G$35:$G$70, "تم الحل")+COUNTIFS('إيمان المبارك'!$B$35:$B$70, $A19, 'إيمان المبارك'!$G$35:$G$70, "تم الحل"), COUNTIFS('السيد سالم'!$B$35:$B$70, $A19, 'السيد سالم'!$A$35:$A$70, $C$3, 'السيد سالم'!$G$35:$G$70, "تم الحل")+COUNTIFS('محمد السويركي'!$B$35:$B$70, $A19, 'محمد السويركي'!$A$35:$A$70, $C$3, 'محمد السويركي'!$G$35:$G$70, "تم الحل")+COUNTIFS('خالد عبد ربه'!$B$35:$B$70, $A19, 'خالد عبد ربه'!$A$35:$A$70, $C$3, 'خالد عبد ربه'!$G$35:$G$70, "تم الحل")+COUNTIFS('ناريمان الحجاجرة'!$B$35:$B$70, $A19, 'ناريمان الحجاجرة'!$A$35:$A$70, $C$3, 'ناريمان الحجاجرة'!$G$35:$G$70, "تم الحل")+COUNTIFS('مروة حسان'!$B$35:$B$70, $A19, 'مروة حسان'!$A$35:$A$70, $C$3, 'مروة حسان'!$G$35:$G$70, "تم الحل")+COUNTIFS('إيمان المبارك'!$B$35:$B$70, $A19, 'إيمان المبارك'!$A$35:$A$70, $C$3, 'إيمان المبارك'!$G$35:$G$70, "تم الحل")) -> 2 | F19: =IF($C$3="جميع الأسابيع", COUNTIFS('السيد سالم'!$B$35:$B$70, $A19, 'السيد سالم'!$G$35:$G$70, "مستمرة")+COUNTIFS('محمد السويركي'!$B$35:$B$70, $A19, 'محمد السويركي'!$G$35:$G$70, "مستمرة")+COUNTIFS('خالد عبد ربه'!$B$35:$B$70, $A19, 'خالد عبد ربه'!$G$35:$G$70, "مستمرة")+COUNTIFS('ناريمان الحجاجرة'!$B$35:$B$70, $A19, 'ناريمان الحجاجرة'!$G$35:$G$70, "مستمرة")+COUNTIFS('مروة حسان'!$B$35:$B$70, $A19, 'مروة حسان'!$G$35:$G$70, "مستمرة")+COUNTIFS('إيمان المبارك'!$B$35:$B$70, $A19, 'إيمان المبارك'!$G$35:$G$70, "مستمرة"), COUNTIFS('السيد سالم'!$B$35:$B$70, $A19, 'السيد سالم'!$A$35:$A$70, $C$3, 'السيد سالم'!$G$35:$G$70, "مستمرة")+COUNTIFS('محمد السويركي'!$B$35:$B$70, $A19, 'محمد السويركي'!$A$35:$A$70, $C$3, 'محمد السويركي'!$G$35:$G$70, "مستمرة")+COUNTIFS('خالد عبد ربه'!$B$35:$B$70, $A19, 'خالد عبد ربه'!$A$35:$A$70, $C$3, 'خالد عبد ربه'!$G$35:$G$70, "مستمرة")+COUNTIFS('ناريمان الحجاجرة'!$B$35:$B$70, $A19, 'ناريمان الحجاجرة'!$A$35:$A$70, $C$3, 'ناريمان الحجاجرة'!$G$35:$G$70, "مستمرة")+COUNTIFS('مروة حسان'!$B$35:$B$70, $A19, 'مروة حسان'!$A$35:$A$70, $C$3, 'مروة حسان'!$G$35:$G$70, "مستمرة")+COUNTIFS('إيمان المبارك'!$B$35:$B$70, $A19, 'إيمان المبارك'!$A$35:$A$70, $C$3, 'إيمان المبارك'!$G$35:$G$70, "مستمرة")) -> 0 | G19: =IFERROR(E19/(E19+F19), 0) -> 1 | H19: =IF(D19=0, "لا توجد ملاحظات", IF(F19=0, "تم إغلاق الملاحظات", "يوجد ملاحظات مستمرة")) -> تم إغلاق الملاحظات
A20: رواد الأندلس | B20: =C20+D20 -> 8 | C20: =IF($C$3="جميع الأسابيع", COUNTIF('السيد سالم'!$C$13:$C$32, $A20)+COUNTIF('محمد السويركي'!$C$13:$C$32, $A20)+COUNTIF('خالد عبد ربه'!$C$13:$C$32, $A20)+COUNTIF('ناريمان الحجاجرة'!$C$13:$C$32, $A20)+COUNTIF('مروة حسان'!$C$13:$C$32, $A20)+COUNTIF('إيمان المبارك'!$C$13:$C$32, $A20), COUNTIFS('السيد سالم'!$C$13:$C$32, $A20, 'السيد سالم'!$A$13:$A$32, $C$3)+COUNTIFS('محمد السويركي'!$C$13:$C$32, $A20, 'محمد السويركي'!$A$13:$A$32, $C$3)+COUNTIFS('خالد عبد ربه'!$C$13:$C$32, $A20, 'خالد عبد ربه'!$A$13:$A$32, $C$3)+COUNTIFS('ناريمان الحجاجرة'!$C$13:$C$32, $A20, 'ناريمان الحجاجرة'!$A$13:$A$32, $C$3)+COUNTIFS('مروة حسان'!$C$13:$C$32, $A20, 'مروة حسان'!$A$13:$A$32, $C$3)+COUNTIFS('إيمان المبارك'!$C$13:$C$32, $A20, 'إيمان المبارك'!$A$13:$A$32, $C$3)) -> 7 | D20: =IF($C$3="جميع الأسابيع", COUNTIF('السيد سالم'!$B$35:$B$70, $A20)+COUNTIF('محمد السويركي'!$B$35:$B$70, $A20)+COUNTIF('خالد عبد ربه'!$B$35:$B$70, $A20)+COUNTIF('ناريمان الحجاجرة'!$B$35:$B$70, $A20)+COUNTIF('مروة حسان'!$B$35:$B$70, $A20)+COUNTIF('إيمان المبارك'!$B$35:$B$70, $A20), COUNTIFS('السيد سالم'!$B$35:$B$70, $A20, 'السيد سالم'!$A$35:$A$70, $C$3)+COUNTIFS('محمد السويركي'!$B$35:$B$70, $A20, 'محمد السويركي'!$A$35:$A$70, $C$3)+COUNTIFS('خالد عبد ربه'!$B$35:$B$70, $A20, 'خالد عبد ربه'!$A$35:$A$70, $C$3)+COUNTIFS('ناريمان الحجاجرة'!$B$35:$B$70, $A20, 'ناريمان الحجاجرة'!$A$35:$A$70, $C$3)+COUNTIFS('مروة حسان'!$B$35:$B$70, $A20, 'مروة حسان'!$A$35:$A$70, $C$3)+COUNTIFS('إيمان المبارك'!$B$35:$B$70, $A20, 'إيمان المبارك'!$A$35:$A$70, $C$3)) -> 1 | E20: =IF($C$3="جميع الأسابيع", COUNTIFS('السيد سالم'!$B$35:$B$70, $A20, 'السيد سالم'!$G$35:$G$70, "تم الحل")+COUNTIFS('محمد السويركي'!$B$35:$B$70, $A20, 'محمد السويركي'!$G$35:$G$70, "تم الحل")+COUNTIFS('خالد عبد ربه'!$B$35:$B$70, $A20, 'خالد عبد ربه'!$G$35:$G$70, "تم الحل")+COUNTIFS('ناريمان الحجاجرة'!$B$35:$B$70, $A20, 'ناريمان الحجاجرة'!$G$35:$G$70, "تم الحل")+COUNTIFS('مروة حسان'!$B$35:$B$70, $A20, 'مروة حسان'!$G$35:$G$70, "تم الحل")+COUNTIFS('إيمان المبارك'!$B$35:$B$70, $A20, 'إيمان المبارك'!$G$35:$G$70, "تم الحل"), COUNTIFS('السيد سالم'!$B$35:$B$70, $A20, 'السيد سالم'!$A$35:$A$70, $C$3, 'السيد سالم'!$G$35:$G$70, "تم الحل")+COUNTIFS('محمد السويركي'!$B$35:$B$70, $A20, 'محمد السويركي'!$A$35:$A$70, $C$3, 'محمد السويركي'!$G$35:$G$70, "تم الحل")+COUNTIFS('خالد عبد ربه'!$B$35:$B$70, $A20, 'خالد عبد ربه'!$A$35:$A$70, $C$3, 'خالد عبد ربه'!$G$35:$G$70, "تم الحل")+COUNTIFS('ناريمان الحجاجرة'!$B$35:$B$70, $A20, 'ناريمان الحجاجرة'!$A$35:$A$70, $C$3, 'ناريمان الحجاجرة'!$G$35:$G$70, "تم الحل")+COUNTIFS('مروة حسان'!$B$35:$B$70, $A20, 'مروة حسان'!$A$35:$A$70, $C$3, 'مروة حسان'!$G$35:$G$70, "تم الحل")+COUNTIFS('إيمان المبارك'!$B$35:$B$70, $A20, 'إيمان المبارك'!$A$35:$A$70, $C$3, 'إيمان المبارك'!$G$35:$G$70, "تم الحل")) -> 0 | F20: =IF($C$3="جميع الأسابيع", COUNTIFS('السيد سالم'!$B$35:$B$70, $A20, 'السيد سالم'!$G$35:$G$70, "مستمرة")+COUNTIFS('محمد السويركي'!$B$35:$B$70, $A20, 'محمد السويركي'!$G$35:$G$70, "مستمرة")+COUNTIFS('خالد عبد ربه'!$B$35:$B$70, $A20, 'خالد عبد ربه'!$G$35:$G$70, "مستمرة")+COUNTIFS('ناريمان الحجاجرة'!$B$35:$B$70, $A20, 'ناريمان الحجاجرة'!$G$35:$G$70, "مستمرة")+COUNTIFS('مروة حسان'!$B$35:$B$70, $A20, 'مروة حسان'!$G$35:$G$70, "مستمرة")+COUNTIFS('إيمان المبارك'!$B$35:$B$70, $A20, 'إيمان المبارك'!$G$35:$G$70, "مستمرة"), COUNTIFS('السيد سالم'!$B$35:$B$70, $A20, 'السيد سالم'!$A$35:$A$70, $C$3, 'السيد سالم'!$G$35:$G$70, "مستمرة")+COUNTIFS('محمد السويركي'!$B$35:$B$70, $A20, 'محمد السويركي'!$A$35:$A$70, $C$3, 'محمد السويركي'!$G$35:$G$70, "مستمرة")+COUNTIFS('خالد عبد ربه'!$B$35:$B$70, $A20, 'خالد عبد ربه'!$A$35:$A$70, $C$3, 'خالد عبد ربه'!$G$35:$G$70, "مستمرة")+COUNTIFS('ناريمان الحجاجرة'!$B$35:$B$70, $A20, 'ناريمان الحجاجرة'!$A$35:$A$70, $C$3, 'ناريمان الحجاجرة'!$G$35:$G$70, "مستمرة")+COUNTIFS('مروة حسان'!$B$35:$B$70, $A20, 'مروة حسان'!$A$35:$A$70, $C$3, 'مروة حسان'!$G$35:$G$70, "مستمرة")+COUNTIFS('إيمان المبارك'!$B$35:$B$70, $A20, 'إيمان المبارك'!$A$35:$A$70, $C$3, 'إيمان المبارك'!$G$35:$G$70, "مستمرة")) -> 0 | G20: =IFERROR(E20/(E20+F20), 0) -> 0 | H20: =IF(D20=0, "لا توجد ملاحظات", IF(F20=0, "تم إغلاق الملاحظات", "يوجد ملاحظات مستمرة")) -> تم إغلاق الملاحظات
A21: رواد قرطبة | B21: =C21+D21 -> 11 | C21: =IF($C$3="جميع الأسابيع", COUNTIF('السيد سالم'!$C$13:$C$32, $A21)+COUNTIF('محمد السويركي'!$C$13:$C$32, $A21)+COUNTIF('خالد عبد ربه'!$C$13:$C$32, $A21)+COUNTIF('ناريمان الحجاجرة'!$C$13:$C$32, $A21)+COUNTIF('مروة حسان'!$C$13:$C$32, $A21)+COUNTIF('إيمان المبارك'!$C$13:$C$32, $A21), COUNTIFS('السيد سالم'!$C$13:$C$32, $A21, 'السيد سالم'!$A$13:$A$32, $C$3)+COUNTIFS('محمد السويركي'!$C$13:$C$32, $A21, 'محمد السويركي'!$A$13:$A$32, $C$3)+COUNTIFS('خالد عبد ربه'!$C$13:$C$32, $A21, 'خالد عبد ربه'!$A$13:$A$32, $C$3)+COUNTIFS('ناريمان الحجاجرة'!$C$13:$C$32, $A21, 'ناريمان الحجاجرة'!$A$13:$A$32, $C$3)+COUNTIFS('مروة حسان'!$C$13:$C$32, $A21, 'مروة حسان'!$A$13:$A$32, $C$3)+COUNTIFS('إيمان المبارك'!$C$13:$C$32, $A21, 'إيمان المبارك'!$A$13:$A$32, $C$3)) -> 10 | D21: =IF($C$3="جميع الأسابيع", COUNTIF('السيد سالم'!$B$35:$B$70, $A21)+COUNTIF('محمد السويركي'!$B$35:$B$70, $A21)+COUNTIF('خالد عبد ربه'!$B$35:$B$70, $A21)+COUNTIF('ناريمان الحجاجرة'!$B$35:$B$70, $A21)+COUNTIF('مروة حسان'!$B$35:$B$70, $A21)+COUNTIF('إيمان المبارك'!$B$35:$B$70, $A21), COUNTIFS('السيد سالم'!$B$35:$B$70, $A21, 'السيد سالم'!$A$35:$A$70, $C$3)+COUNTIFS('محمد السويركي'!$B$35:$B$70, $A21, 'محمد السويركي'!$A$35:$A$70, $C$3)+COUNTIFS('خالد عبد ربه'!$B$35:$B$70, $A21, 'خالد عبد ربه'!$A$35:$A$70, $C$3)+COUNTIFS('ناريمان الحجاجرة'!$B$35:$B$70, $A21, 'ناريمان الحجاجرة'!$A$35:$A$70, $C$3)+COUNTIFS('مروة حسان'!$B$35:$B$70, $A21, 'مروة حسان'!$A$35:$A$70, $C$3)+COUNTIFS('إيمان المبارك'!$B$35:$B$70, $A21, 'إيمان المبارك'!$A$35:$A$70, $C$3)) -> 1 | E21: =IF($C$3="جميع الأسابيع", COUNTIFS('السيد سالم'!$B$35:$B$70, $A21, 'السيد سالم'!$G$35:$G$70, "تم الحل")+COUNTIFS('محمد السويركي'!$B$35:$B$70, $A21, 'محمد السويركي'!$G$35:$G$70, "تم الحل")+COUNTIFS('خالد عبد ربه'!$B$35:$B$70, $A21, 'خالد عبد ربه'!$G$35:$G$70, "تم الحل")+COUNTIFS('ناريمان الحجاجرة'!$B$35:$B$70, $A21, 'ناريمان الحجاجرة'!$G$35:$G$70, "تم الحل")+COUNTIFS('مروة حسان'!$B$35:$B$70, $A21, 'مروة حسان'!$G$35:$G$70, "تم الحل")+COUNTIFS('إيمان المبارك'!$B$35:$B$70, $A21, 'إيمان المبارك'!$G$35:$G$70, "تم الحل"), COUNTIFS('السيد سالم'!$B$35:$B$70, $A21, 'السيد سالم'!$A$35:$A$70, $C$3, 'السيد سالم'!$G$35:$G$70, "تم الحل")+COUNTIFS('محمد السويركي'!$B$35:$B$70, $A21, 'محمد السويركي'!$A$35:$A$70, $C$3, 'محمد السويركي'!$G$35:$G$70, "تم الحل")+COUNTIFS('خالد عبد ربه'!$B$35:$B$70, $A21, 'خالد عبد ربه'!$A$35:$A$70, $C$3, 'خالد عبد ربه'!$G$35:$G$70, "تم الحل")+COUNTIFS('ناريمان الحجاجرة'!$B$35:$B$70, $A21, 'ناريمان الحجاجرة'!$A$35:$A$70, $C$3, 'ناريمان الحجاجرة'!$G$35:$G$70, "تم الحل")+COUNTIFS('مروة حسان'!$B$35:$B$70, $A21, 'مروة حسان'!$A$35:$A$70, $C$3, 'مروة حسان'!$G$35:$G$70, "تم الحل")+COUNTIFS('إيمان المبارك'!$B$35:$B$70, $A21, 'إيمان المبارك'!$A$35:$A$70, $C$3, 'إيمان المبارك'!$G$35:$G$70, "تم الحل")) -> 0 | F21: =IF($C$3="جميع الأسابيع", COUNTIFS('السيد سالم'!$B$35:$B$70, $A21, 'السيد سالم'!$G$35:$G$70, "مستمرة")+COUNTIFS('محمد السويركي'!$B$35:$B$70, $A21, 'محمد السويركي'!$G$35:$G$70, "مستمرة")+COUNTIFS('خالد عبد ربه'!$B$35:$B$70, $A21, 'خالد عبد ربه'!$G$35:$G$70, "مستمرة")+COUNTIFS('ناريمان الحجاجرة'!$B$35:$B$70, $A21, 'ناريمان الحجاجرة'!$G$35:$G$70, "مستمرة")+COUNTIFS('مروة حسان'!$B$35:$B$70, $A21, 'مروة حسان'!$G$35:$G$70, "مستمرة")+COUNTIFS('إيمان المبارك'!$B$35:$B$70, $A21, 'إيمان المبارك'!$G$35:$G$70, "مستمرة"), COUNTIFS('السيد سالم'!$B$35:$B$70, $A21, 'السيد سالم'!$A$35:$A$70, $C$3, 'السيد سالم'!$G$35:$G$70, "مستمرة")+COUNTIFS('محمد السويركي'!$B$35:$B$70, $A21, 'محمد السويركي'!$A$35:$A$70, $C$3, 'محمد السويركي'!$G$35:$G$70, "مستمرة")+COUNTIFS('خالد عبد ربه'!$B$35:$B$70, $A21, 'خالد عبد ربه'!$A$35:$A$70, $C$3, 'خالد عبد ربه'!$G$35:$G$70, "مستمرة")+COUNTIFS('ناريمان الحجاجرة'!$B$35:$B$70, $A21, 'ناريمان الحجاجرة'!$A$35:$A$70, $C$3, 'ناريمان الحجاجرة'!$G$35:$G$70, "مستمرة")+COUNTIFS('مروة حسان'!$B$35:$B$70, $A21, 'مروة حسان'!$A$35:$A$70, $C$3, 'مروة حسان'!$G$35:$G$70, "مستمرة")+COUNTIFS('إيمان المبارك'!$B$35:$B$70, $A21, 'إيمان المبارك'!$A$35:$A$70, $C$3, 'إيمان المبارك'!$G$35:$G$70, "مستمرة")) -> 0 | G21: =IFERROR(E21/(E21+F21), 0) -> 0 | H21: =IF(D21=0, "لا توجد ملاحظات", IF(F21=0, "تم إغلاق الملاحظات", "يوجد ملاحظات مستمرة")) -> تم إغلاق الملاحظات
A22: رواد الروابي | B22: =C22+D22 -> 11 | C22: =IF($C$3="جميع الأسابيع", COUNTIF('السيد سالم'!$C$13:$C$32, $A22)+COUNTIF('محمد السويركي'!$C$13:$C$32, $A22)+COUNTIF('خالد عبد ربه'!$C$13:$C$32, $A22)+COUNTIF('ناريمان الحجاجرة'!$C$13:$C$32, $A22)+COUNTIF('مروة حسان'!$C$13:$C$32, $A22)+COUNTIF('إيمان المبارك'!$C$13:$C$32, $A22), COUNTIFS('السيد سالم'!$C$13:$C$32, $A22, 'السيد سالم'!$A$13:$A$32, $C$3)+COUNTIFS('محمد السويركي'!$C$13:$C$32, $A22, 'محمد السويركي'!$A$13:$A$32, $C$3)+COUNTIFS('خالد عبد ربه'!$C$13:$C$32, $A22, 'خالد عبد ربه'!$A$13:$A$32, $C$3)+COUNTIFS('ناريمان الحجاجرة'!$C$13:$C$32, $A22, 'ناريمان الحجاجرة'!$A$13:$A$32, $C$3)+COUNTIFS('مروة حسان'!$C$13:$C$32, $A22, 'مروة حسان'!$A$13:$A$32, $C$3)+COUNTIFS('إيمان المبارك'!$C$13:$C$32, $A22, 'إيمان المبارك'!$A$13:$A$32, $C$3)) -> 6 | D22: =IF($C$3="جميع الأسابيع", COUNTIF('السيد سالم'!$B$35:$B$70, $A22)+COUNTIF('محمد السويركي'!$B$35:$B$70, $A22)+COUNTIF('خالد عبد ربه'!$B$35:$B$70, $A22)+COUNTIF('ناريمان الحجاجرة'!$B$35:$B$70, $A22)+COUNTIF('مروة حسان'!$B$35:$B$70, $A22)+COUNTIF('إيمان المبارك'!$B$35:$B$70, $A22), COUNTIFS('السيد سالم'!$B$35:$B$70, $A22, 'السيد سالم'!$A$35:$A$70, $C$3)+COUNTIFS('محمد السويركي'!$B$35:$B$70, $A22, 'محمد السويركي'!$A$35:$A$70, $C$3)+COUNTIFS('خالد عبد ربه'!$B$35:$B$70, $A22, 'خالد عبد ربه'!$A$35:$A$70, $C$3)+COUNTIFS('ناريمان الحجاجرة'!$B$35:$B$70, $A22, 'ناريمان الحجاجرة'!$A$35:$A$70, $C$3)+COUNTIFS('مروة حسان'!$B$35:$B$70, $A22, 'مروة حسان'!$A$35:$A$70, $C$3)+COUNTIFS('إيمان المبارك'!$B$35:$B$70, $A22, 'إيمان المبارك'!$A$35:$A$70, $C$3)) -> 5 | E22: =IF($C$3="جميع الأسابيع", COUNTIFS('السيد سالم'!$B$35:$B$70, $A22, 'السيد سالم'!$G$35:$G$70, "تم الحل")+COUNTIFS('محمد السويركي'!$B$35:$B$70, $A22, 'محمد السويركي'!$G$35:$G$70, "تم الحل")+COUNTIFS('خالد عبد ربه'!$B$35:$B$70, $A22, 'خالد عبد ربه'!$G$35:$G$70, "تم الحل")+COUNTIFS('ناريمان الحجاجرة'!$B$35:$B$70, $A22, 'ناريمان الحجاجرة'!$G$35:$G$70, "تم الحل")+COUNTIFS('مروة حسان'!$B$35:$B$70, $A22, 'مروة حسان'!$G$35:$G$70, "تم الحل")+COUNTIFS('إيمان المبارك'!$B$35:$B$70, $A22, 'إيمان المبارك'!$G$35:$G$70, "تم الحل"), COUNTIFS('السيد سالم'!$B$35:$B$70, $A22, 'السيد سالم'!$A$35:$A$70, $C$3, 'السيد سالم'!$G$35:$G$70, "تم الحل")+COUNTIFS('محمد السويركي'!$B$35:$B$70, $A22, 'محمد السويركي'!$A$35:$A$70, $C$3, 'محمد السويركي'!$G$35:$G$70, "تم الحل")+COUNTIFS('خالد عبد ربه'!$B$35:$B$70, $A22, 'خالد عبد ربه'!$A$35:$A$70, $C$3, 'خالد عبد ربه'!$G$35:$G$70, "تم الحل")+COUNTIFS('ناريمان الحجاجرة'!$B$35:$B$70, $A22, 'ناريمان الحجاجرة'!$A$35:$A$70, $C$3, 'ناريمان الحجاجرة'!$G$35:$G$70, "تم الحل")+COUNTIFS('مروة حسان'!$B$35:$B$70, $A22, 'مروة حسان'!$A$35:$A$70, $C$3, 'مروة حسان'!$G$35:$G$70, "تم الحل")+COUNTIFS('إيمان المبارك'!$B$35:$B$70, $A22, 'إيمان المبارك'!$A$35:$A$70, $C$3, 'إيمان المبارك'!$G$35:$G$70, "تم الحل")) -> 5 | F22: =IF($C$3="جميع الأسابيع", COUNTIFS('السيد سالم'!$B$35:$B$70, $A22, 'السيد سالم'!$G$35:$G$70, "مستمرة")+COUNTIFS('محمد السويركي'!$B$35:$B$70, $A22, 'محمد السويركي'!$G$35:$G$70, "مستمرة")+COUNTIFS('خالد عبد ربه'!$B$35:$B$70, $A22, 'خالد عبد ربه'!$G$35:$G$70, "مستمرة")+COUNTIFS('ناريمان الحجاجرة'!$B$35:$B$70, $A22, 'ناريمان الحجاجرة'!$G$35:$G$70, "مستمرة")+COUNTIFS('مروة حسان'!$B$35:$B$70, $A22, 'مروة حسان'!$G$35:$G$70, "مستمرة")+COUNTIFS('إيمان المبارك'!$B$35:$B$70, $A22, 'إيمان المبارك'!$G$35:$G$70, "مستمرة"), COUNTIFS('السيد سالم'!$B$35:$B$70, $A22, 'السيد سالم'!$A$35:$A$70, $C$3, 'السيد سالم'!$G$35:$G$70, "مستمرة")+COUNTIFS('محمد السويركي'!$B$35:$B$70, $A22, 'محمد السويركي'!$A$35:$A$70, $C$3, 'محمد السويركي'!$G$35:$G$70, "مستمرة")+COUNTIFS('خالد عبد ربه'!$B$35:$B$70, $A22, 'خالد عبد ربه'!$A$35:$A$70, $C$3, 'خالد عبد ربه'!$G$35:$G$70, "مستمرة")+COUNTIFS('ناريمان الحجاجرة'!$B$35:$B$70, $A22, 'ناريمان الحجاجرة'!$A$35:$A$70, $C$3, 'ناريمان الحجاجرة'!$G$35:$G$70, "مستمرة")+COUNTIFS('مروة حسان'!$B$35:$B$70, $A22, 'مروة حسان'!$A$35:$A$70, $C$3, 'مروة حسان'!$G$35:$G$70, "مستمرة")+COUNTIFS('إيمان المبارك'!$B$35:$B$70, $A22, 'إيمان المبارك'!$A$35:$A$70, $C$3, 'إيمان المبارك'!$G$35:$G$70, "مستمرة")) -> 0 | G22: =IFERROR(E22/(E22+F22), 0) -> 1 | H22: =IF(D22=0, "لا توجد ملاحظات", IF(F22=0, "تم إغلاق الملاحظات", "يوجد ملاحظات مستمرة")) -> تم إغلاق الملاحظات
A23: رواد المنصورة | B23: =C23+D23 -> 8 | C23: =IF($C$3="جميع الأسابيع", COUNTIF('السيد سالم'!$C$13:$C$32, $A23)+COUNTIF('محمد السويركي'!$C$13:$C$32, $A23)+COUNTIF('خالد عبد ربه'!$C$13:$C$32, $A23)+COUNTIF('ناريمان الحجاجرة'!$C$13:$C$32, $A23)+COUNTIF('مروة حسان'!$C$13:$C$32, $A23)+COUNTIF('إيمان المبارك'!$C$13:$C$32, $A23), COUNTIFS('السيد سالم'!$C$13:$C$32, $A23, 'السيد سالم'!$A$13:$A$32, $C$3)+COUNTIFS('محمد السويركي'!$C$13:$C$32, $A23, 'محمد السويركي'!$A$13:$A$32, $C$3)+COUNTIFS('خالد عبد ربه'!$C$13:$C$32, $A23, 'خالد عبد ربه'!$A$13:$A$32, $C$3)+COUNTIFS('ناريمان الحجاجرة'!$C$13:$C$32, $A23, 'ناريمان الحجاجرة'!$A$13:$A$32, $C$3)+COUNTIFS('مروة حسان'!$C$13:$C$32, $A23, 'مروة حسان'!$A$13:$A$32, $C$3)+COUNTIFS('إيمان المبارك'!$C$13:$C$32, $A23, 'إيمان المبارك'!$A$13:$A$32, $C$3)) -> 6 | D23: =IF($C$3="جميع الأسابيع", COUNTIF('السيد سالم'!$B$35:$B$70, $A23)+COUNTIF('محمد السويركي'!$B$35:$B$70, $A23)+COUNTIF('خالد عبد ربه'!$B$35:$B$70, $A23)+COUNTIF('ناريمان الحجاجرة'!$B$35:$B$70, $A23)+COUNTIF('مروة حسان'!$B$35:$B$70, $A23)+COUNTIF('إيمان المبارك'!$B$35:$B$70, $A23), COUNTIFS('السيد سالم'!$B$35:$B$70, $A23, 'السيد سالم'!$A$35:$A$70, $C$3)+COUNTIFS('محمد السويركي'!$B$35:$B$70, $A23, 'محمد السويركي'!$A$35:$A$70, $C$3)+COUNTIFS('خالد عبد ربه'!$B$35:$B$70, $A23, 'خالد عبد ربه'!$A$35:$A$70, $C$3)+COUNTIFS('ناريمان الحجاجرة'!$B$35:$B$70, $A23, 'ناريمان الحجاجرة'!$A$35:$A$70, $C$3)+COUNTIFS('مروة حسان'!$B$35:$B$70, $A23, 'مروة حسان'!$A$35:$A$70, $C$3)+COUNTIFS('إيمان المبارك'!$B$35:$B$70, $A23, 'إيمان المبارك'!$A$35:$A$70, $C$3)) -> 2 | E23: =IF($C$3="جميع الأسابيع", COUNTIFS('السيد سالم'!$B$35:$B$70, $A23, 'السيد سالم'!$G$35:$G$70, "تم الحل")+COUNTIFS('محمد السويركي'!$B$35:$B$70, $A23, 'محمد السويركي'!$G$35:$G$70, "تم الحل")+COUNTIFS('خالد عبد ربه'!$B$35:$B$70, $A23, 'خالد عبد ربه'!$G$35:$G$70, "تم الحل")+COUNTIFS('ناريمان الحجاجرة'!$B$35:$B$70, $A23, 'ناريمان الحجاجرة'!$G$35:$G$70, "تم الحل")+COUNTIFS('مروة حسان'!$B$35:$B$70, $A23, 'مروة حسان'!$G$35:$G$70, "تم الحل")+COUNTIFS('إيمان المبارك'!$B$35:$B$70, $A23, 'إيمان المبارك'!$G$35:$G$70, "تم الحل"), COUNTIFS('السيد سالم'!$B$35:$B$70, $A23, 'السيد سالم'!$A$35:$A$70, $C$3, 'السيد سالم'!$G$35:$G$70, "تم الحل")+COUNTIFS('محمد السويركي'!$B$35:$B$70, $A23, 'محمد السويركي'!$A$35:$A$70, $C$3, 'محمد السويركي'!$G$35:$G$70, "تم الحل")+COUNTIFS('خالد عبد ربه'!$B$35:$B$70, $A23, 'خالد عبد ربه'!$A$35:$A$70, $C$3, 'خالد عبد ربه'!$G$35:$G$70, "تم الحل")+COUNTIFS('ناريمان الحجاجرة'!$B$35:$B$70, $A23, 'ناريمان الحجاجرة'!$A$35:$A$70, $C$3, 'ناريمان الحجاجرة'!$G$35:$G$70, "تم الحل")+COUNTIFS('مروة حسان'!$B$35:$B$70, $A23, 'مروة حسان'!$A$35:$A$70, $C$3, 'مروة حسان'!$G$35:$G$70, "تم الحل")+COUNTIFS('إيمان المبارك'!$B$35:$B$70, $A23, 'إيمان المبارك'!$A$35:$A$70, $C$3, 'إيمان المبارك'!$G$35:$G$70, "تم الحل")) -> 2 | F23: =IF($C$3="جميع الأسابيع", COUNTIFS('السيد سالم'!$B$35:$B$70, $A23, 'السيد سالم'!$G$35:$G$70, "مستمرة")+COUNTIFS('محمد السويركي'!$B$35:$B$70, $A23, 'محمد السويركي'!$G$35:$G$70, "مستمرة")+COUNTIFS('خالد عبد ربه'!$B$35:$B$70, $A23, 'خالد عبد ربه'!$G$35:$G$70, "مستمرة")+COUNTIFS('ناريمان الحجاجرة'!$B$35:$B$70, $A23, 'ناريمان الحجاجرة'!$G$35:$G$70, "مستمرة")+COUNTIFS('مروة حسان'!$B$35:$B$70, $A23, 'مروة حسان'!$G$35:$G$70, "مستمرة")+COUNTIFS('إيمان المبارك'!$B$35:$B$70, $A23, 'إيمان المبارك'!$G$35:$G$70, "مستمرة"), COUNTIFS('السيد سالم'!$B$35:$B$70, $A23, 'السيد سالم'!$A$35:$A$70, $C$3, 'السيد سالم'!$G$35:$G$70, "مستمرة")+COUNTIFS('محمد السويركي'!$B$35:$B$70, $A23, 'محمد السويركي'!$A$35:$A$70, $C$3, 'محمد السويركي'!$G$35:$G$70, "مستمرة")+COUNTIFS('خالد عبد ربه'!$B$35:$B$70, $A23, 'خالد عبد ربه'!$A$35:$A$70, $C$3, 'خالد عبد ربه'!$G$35:$G$70, "مستمرة")+COUNTIFS('ناريمان الحجاجرة'!$B$35:$B$70, $A23, 'ناريمان الحجاجرة'!$A$35:$A$70, $C$3, 'ناريمان الحجاجرة'!$G$35:$G$70, "مستمرة")+COUNTIFS('مروة حسان'!$B$35:$B$70, $A23, 'مروة حسان'!$A$35:$A$70, $C$3, 'مروة حسان'!$G$35:$G$70, "مستمرة")+COUNTIFS('إيمان المبارك'!$B$35:$B$70, $A23, 'إيمان المبارك'!$A$35:$A$70, $C$3, 'إيمان المبارك'!$G$35:$G$70, "مستمرة")) -> 0 | G23: =IFERROR(E23/(E23+F23), 0) -> 1 | H23: =IF(D23=0, "لا توجد ملاحظات", IF(F23=0, "تم إغلاق الملاحظات", "يوجد ملاحظات مستمرة")) -> تم إغلاق الملاحظات
A24: النخبة -الخرج | B24: =C24+D24 -> 0 | C24: =IF($C$3="جميع الأسابيع", COUNTIF('السيد سالم'!$C$13:$C$32, $A24)+COUNTIF('محمد السويركي'!$C$13:$C$32, $A24)+COUNTIF('خالد عبد ربه'!$C$13:$C$32, $A24)+COUNTIF('ناريمان الحجاجرة'!$C$13:$C$32, $A24)+COUNTIF('مروة حسان'!$C$13:$C$32, $A24)+COUNTIF('إيمان المبارك'!$C$13:$C$32, $A24), COUNTIFS('السيد سالم'!$C$13:$C$32, $A24, 'السيد سالم'!$A$13:$A$32, $C$3)+COUNTIFS('محمد السويركي'!$C$13:$C$32, $A24, 'محمد السويركي'!$A$13:$A$32, $C$3)+COUNTIFS('خالد عبد ربه'!$C$13:$C$32, $A24, 'خالد عبد ربه'!$A$13:$A$32, $C$3)+COUNTIFS('ناريمان الحجاجرة'!$C$13:$C$32, $A24, 'ناريمان الحجاجرة'!$A$13:$A$32, $C$3)+COUNTIFS('مروة حسان'!$C$13:$C$32, $A24, 'مروة حسان'!$A$13:$A$32, $C$3)+COUNTIFS('إيمان المبارك'!$C$13:$C$32, $A24, 'إيمان المبارك'!$A$13:$A$32, $C$3)) -> 0 | D24: =IF($C$3="جميع الأسابيع", COUNTIF('السيد سالم'!$B$35:$B$70, $A24)+COUNTIF('محمد السويركي'!$B$35:$B$70, $A24)+COUNTIF('خالد عبد ربه'!$B$35:$B$70, $A24)+COUNTIF('ناريمان الحجاجرة'!$B$35:$B$70, $A24)+COUNTIF('مروة حسان'!$B$35:$B$70, $A24)+COUNTIF('إيمان المبارك'!$B$35:$B$70, $A24), COUNTIFS('السيد سالم'!$B$35:$B$70, $A24, 'السيد سالم'!$A$35:$A$70, $C$3)+COUNTIFS('محمد السويركي'!$B$35:$B$70, $A24, 'محمد السويركي'!$A$35:$A$70, $C$3)+COUNTIFS('خالد عبد ربه'!$B$35:$B$70, $A24, 'خالد عبد ربه'!$A$35:$A$70, $C$3)+COUNTIFS('ناريمان الحجاجرة'!$B$35:$B$70, $A24, 'ناريمان الحجاجرة'!$A$35:$A$70, $C$3)+COUNTIFS('مروة حسان'!$B$35:$B$70, $A24, 'مروة حسان'!$A$35:$A$70, $C$3)+COUNTIFS('إيمان المبارك'!$B$35:$B$70, $A24, 'إيمان المبارك'!$A$35:$A$70, $C$3)) -> 0 | E24: =IF($C$3="جميع الأسابيع", COUNTIFS('السيد سالم'!$B$35:$B$70, $A24, 'السيد سالم'!$G$35:$G$70, "تم الحل")+COUNTIFS('محمد السويركي'!$B$35:$B$70, $A24, 'محمد السويركي'!$G$35:$G$70, "تم الحل")+COUNTIFS('خالد عبد ربه'!$B$35:$B$70, $A24, 'خالد عبد ربه'!$G$35:$G$70, "تم الحل")+COUNTIFS('ناريمان الحجاجرة'!$B$35:$B$70, $A24, 'ناريمان الحجاجرة'!$G$35:$G$70, "تم الحل")+COUNTIFS('مروة حسان'!$B$35:$B$70, $A24, 'مروة حسان'!$G$35:$G$70, "تم الحل")+COUNTIFS('إيمان المبارك'!$B$35:$B$70, $A24, 'إيمان المبارك'!$G$35:$G$70, "تم الحل"), COUNTIFS('السيد سالم'!$B$35:$B$70, $A24, 'السيد سالم'!$A$35:$A$70, $C$3, 'السيد سالم'!$G$35:$G$70, "تم الحل")+COUNTIFS('محمد السويركي'!$B$35:$B$70, $A24, 'محمد السويركي'!$A$35:$A$70, $C$3, 'محمد السويركي'!$G$35:$G$70, "تم الحل")+COUNTIFS('خالد عبد ربه'!$B$35:$B$70, $A24, 'خالد عبد ربه'!$A$35:$A$70, $C$3, 'خالد عبد ربه'!$G$35:$G$70, "تم الحل")+COUNTIFS('ناريمان الحجاجرة'!$B$35:$B$70, $A24, 'ناريمان الحجاجرة'!$A$35:$A$70, $C$3, 'ناريمان الحجاجرة'!$G$35:$G$70, "تم الحل")+COUNTIFS('مروة حسان'!$B$35:$B$70, $A24, 'مروة حسان'!$A$35:$A$70, $C$3, 'مروة حسان'!$G$35:$G$70, "تم الحل")+COUNTIFS('إيمان المبارك'!$B$35:$B$70, $A24, 'إيمان المبارك'!$A$35:$A$70, $C$3, 'إيمان المبارك'!$G$35:$G$70, "تم الحل")) -> 0 | F24: =IF($C$3="جميع الأسابيع", COUNTIFS('السيد سالم'!$B$35:$B$70, $A24, 'السيد سالم'!$G$35:$G$70, "مستمرة")+COUNTIFS('محمد السويركي'!$B$35:$B$70, $A24, 'محمد السويركي'!$G$35:$G$70, "مستمرة")+COUNTIFS('خالد عبد ربه'!$B$35:$B$70, $A24, 'خالد عبد ربه'!$G$35:$G$70, "مستمرة")+COUNTIFS('ناريمان الحجاجرة'!$B$35:$B$70, $A24, 'ناريمان الحجاجرة'!$G$35:$G$70, "مستمرة")+COUNTIFS('مروة حسان'!$B$35:$B$70, $A24, 'مروة حسان'!$G$35:$G$70, "مستمرة")+COUNTIFS('إيمان المبارك'!$B$35:$B$70, $A24, 'إيمان المبارك'!$G$35:$G$70, "مستمرة"), COUNTIFS('السيد سالم'!$B$35:$B$70, $A24, 'السيد سالم'!$A$35:$A$70, $C$3, 'السيد سالم'!$G$35:$G$70, "مستمرة")+COUNTIFS('محمد السويركي'!$B$35:$B$70, $A24, 'محمد السويركي'!$A$35:$A$70, $C$3, 'محمد السويركي'!$G$35:$G$70, "مستمرة")+COUNTIFS('خالد عبد ربه'!$B$35:$B$70, $A24, 'خالد عبد ربه'!$A$35:$A$70, $C$3, 'خالد عبد ربه'!$G$35:$G$70, "مستمرة")+COUNTIFS('ناريمان الحجاجرة'!$B$35:$B$70, $A24, 'ناريمان الحجاجرة'!$A$35:$A$70, $C$3, 'ناريمان الحجاجرة'!$G$35:$G$70, "مستمرة")+COUNTIFS('مروة حسان'!$B$35:$B$70, $A24, 'مروة حسان'!$A$35:$A$70, $C$3, 'مروة حسان'!$G$35:$G$70, "مستمرة")+COUNTIFS('إيمان المبارك'!$B$35:$B$70, $A24, 'إيمان المبارك'!$A$35:$A$70, $C$3, 'إيمان المبارك'!$G$35:$G$70, "مستمرة")) -> 0 | G24: =IFERROR(E24/(E24+F24), 0) -> 0 | H24: =IF(D24=0, "لا توجد ملاحظات", IF(F24=0, "تم إغلاق الملاحظات", "يوجد ملاحظات مستمرة")) -> لا توجد ملاحظات
A25: الوسط | B25: =C25+D25 -> 4 | C25: =IF($C$3="جميع الأسابيع", COUNTIF('السيد سالم'!$C$13:$C$32, $A25)+COUNTIF('محمد السويركي'!$C$13:$C$32, $A25)+COUNTIF('خالد عبد ربه'!$C$13:$C$32, $A25)+COUNTIF('ناريمان الحجاجرة'!$C$13:$C$32, $A25)+COUNTIF('مروة حسان'!$C$13:$C$32, $A25)+COUNTIF('إيمان المبارك'!$C$13:$C$32, $A25), COUNTIFS('السيد سالم'!$C$13:$C$32, $A25, 'السيد سالم'!$A$13:$A$32, $C$3)+COUNTIFS('محمد السويركي'!$C$13:$C$32, $A25, 'محمد السويركي'!$A$13:$A$32, $C$3)+COUNTIFS('خالد عبد ربه'!$C$13:$C$32, $A25, 'خالد عبد ربه'!$A$13:$A$32, $C$3)+COUNTIFS('ناريمان الحجاجرة'!$C$13:$C$32, $A25, 'ناريمان الحجاجرة'!$A$13:$A$32, $C$3)+COUNTIFS('مروة حسان'!$C$13:$C$32, $A25, 'مروة حسان'!$A$13:$A$32, $C$3)+COUNTIFS('إيمان المبارك'!$C$13:$C$32, $A25, 'إيمان المبارك'!$A$13:$A$32, $C$3)) -> 3 | D25: =IF($C$3="جميع الأسابيع", COUNTIF('السيد سالم'!$B$35:$B$70, $A25)+COUNTIF('محمد السويركي'!$B$35:$B$70, $A25)+COUNTIF('خالد عبد ربه'!$B$35:$B$70, $A25)+COUNTIF('ناريمان الحجاجرة'!$B$35:$B$70, $A25)+COUNTIF('مروة حسان'!$B$35:$B$70, $A25)+COUNTIF('إيمان المبارك'!$B$35:$B$70, $A25), COUNTIFS('السيد سالم'!$B$35:$B$70, $A25, 'السيد سالم'!$A$35:$A$70, $C$3)+COUNTIFS('محمد السويركي'!$B$35:$B$70, $A25, 'محمد السويركي'!$A$35:$A$70, $C$3)+COUNTIFS('خالد عبد ربه'!$B$35:$B$70, $A25, 'خالد عبد ربه'!$A$35:$A$70, $C$3)+COUNTIFS('ناريمان الحجاجرة'!$B$35:$B$70, $A25, 'ناريمان الحجاجرة'!$A$35:$A$70, $C$3)+COUNTIFS('مروة حسان'!$B$35:$B$70, $A25, 'مروة حسان'!$A$35:$A$70, $C$3)+COUNTIFS('إيمان المبارك'!$B$35:$B$70, $A25, 'إيمان المبارك'!$A$35:$A$70, $C$3)) -> 1 | E25: =IF($C$3="جميع الأسابيع", COUNTIFS('السيد سالم'!$B$35:$B$70, $A25, 'السيد سالم'!$G$35:$G$70, "تم الحل")+COUNTIFS('محمد السويركي'!$B$35:$B$70, $A25, 'محمد السويركي'!$G$35:$G$70, "تم الحل")+COUNTIFS('خالد عبد ربه'!$B$35:$B$70, $A25, 'خالد عبد ربه'!$G$35:$G$70, "تم الحل")+COUNTIFS('ناريمان الحجاجرة'!$B$35:$B$70, $A25, 'ناريمان الحجاجرة'!$G$35:$G$70, "تم الحل")+COUNTIFS('مروة حسان'!$B$35:$B$70, $A25, 'مروة حسان'!$G$35:$G$70, "تم الحل")+COUNTIFS('إيمان المبارك'!$B$35:$B$70, $A25, 'إيمان المبارك'!$G$35:$G$70, "تم الحل"), COUNTIFS('السيد سالم'!$B$35:$B$70, $A25, 'السيد سالم'!$A$35:$A$70, $C$3, 'السيد سالم'!$G$35:$G$70, "تم الحل")+COUNTIFS('محمد السويركي'!$B$35:$B$70, $A25, 'محمد السويركي'!$A$35:$A$70, $C$3, 'محمد السويركي'!$G$35:$G$70, "تم الحل")+COUNTIFS('خالد عبد ربه'!$B$35:$B$70, $A25, 'خالد عبد ربه'!$A$35:$A$70, $C$3, 'خالد عبد ربه'!$G$35:$G$70, "تم الحل")+COUNTIFS('ناريمان الحجاجرة'!$B$35:$B$70, $A25, 'ناريمان الحجاجرة'!$A$35:$A$70, $C$3, 'ناريمان الحجاجرة'!$G$35:$G$70, "تم الحل")+COUNTIFS('مروة حسان'!$B$35:$B$70, $A25, 'مروة حسان'!$A$35:$A$70, $C$3, 'مروة حسان'!$G$35:$G$70, "تم الحل")+COUNTIFS('إيمان المبارك'!$B$35:$B$70, $A25, 'إيمان المبارك'!$A$35:$A$70, $C$3, 'إيمان المبارك'!$G$35:$G$70, "تم الحل")) -> 1 | F25: =IF($C$3="جميع الأسابيع", COUNTIFS('السيد سالم'!$B$35:$B$70, $A25, 'السيد سالم'!$G$35:$G$70, "مستمرة")+COUNTIFS('محمد السويركي'!$B$35:$B$70, $A25, 'محمد السويركي'!$G$35:$G$70, "مستمرة")+COUNTIFS('خالد عبد ربه'!$B$35:$B$70, $A25, 'خالد عبد ربه'!$G$35:$G$70, "مستمرة")+COUNTIFS('ناريمان الحجاجرة'!$B$35:$B$70, $A25, 'ناريمان الحجاجرة'!$G$35:$G$70, "مستمرة")+COUNTIFS('مروة حسان'!$B$35:$B$70, $A25, 'مروة حسان'!$G$35:$G$70, "مستمرة")+COUNTIFS('إيمان المبارك'!$B$35:$B$70, $A25, 'إيمان المبارك'!$G$35:$G$70, "مستمرة"), COUNTIFS('السيد سالم'!$B$35:$B$70, $A25, 'السيد سالم'!$A$35:$A$70, $C$3, 'السيد سالم'!$G$35:$G$70, "مستمرة")+COUNTIFS('محمد السويركي'!$B$35:$B$70, $A25, 'محمد السويركي'!$A$35:$A$70, $C$3, 'محمد السويركي'!$G$35:$G$70, "مستمرة")+COUNTIFS('خالد عبد ربه'!$B$35:$B$70, $A25, 'خالد عبد ربه'!$A$35:$A$70, $C$3, 'خالد عبد ربه'!$G$35:$G$70, "مستمرة")+COUNTIFS('ناريمان الحجاجرة'!$B$35:$B$70, $A25, 'ناريمان الحجاجرة'!$A$35:$A$70, $C$3, 'ناريمان الحجاجرة'!$G$35:$G$70, "مستمرة")+COUNTIFS('مروة حسان'!$B$35:$B$70, $A25, 'مروة حسان'!$A$35:$A$70, $C$3, 'مروة حسان'!$G$35:$G$70, "مستمرة")+COUNTIFS('إيمان المبارك'!$B$35:$B$70, $A25, 'إيمان المبارك'!$A$35:$A$70, $C$3, 'إيمان المبارك'!$G$35:$G$70, "مستمرة")) -> 0 | G25: =IFERROR(E25/(E25+F25), 0) -> 1 | H25: =IF(D25=0, "لا توجد ملاحظات", IF(F25=0, "تم إغلاق الملاحظات", "يوجد ملاحظات مستمرة")) -> تم إغلاق الملاحظات
A26: الجودة | B26: =C26+D26 -> 0 | C26: =IF($C$3="جميع الأسابيع", COUNTIF('السيد سالم'!$C$13:$C$32, $A26)+COUNTIF('محمد السويركي'!$C$13:$C$32, $A26)+COUNTIF('خالد عبد ربه'!$C$13:$C$32, $A26)+COUNTIF('ناريمان الحجاجرة'!$C$13:$C$32, $A26)+COUNTIF('مروة حسان'!$C$13:$C$32, $A26)+COUNTIF('إيمان المبارك'!$C$13:$C$32, $A26), COUNTIFS('السيد سالم'!$C$13:$C$32, $A26, 'السيد سالم'!$A$13:$A$32, $C$3)+COUNTIFS('محمد السويركي'!$C$13:$C$32, $A26, 'محمد السويركي'!$A$13:$A$32, $C$3)+COUNTIFS('خالد عبد ربه'!$C$13:$C$32, $A26, 'خالد عبد ربه'!$A$13:$A$32, $C$3)+COUNTIFS('ناريمان الحجاجرة'!$C$13:$C$32, $A26, 'ناريمان الحجاجرة'!$A$13:$A$32, $C$3)+COUNTIFS('مروة حسان'!$C$13:$C$32, $A26, 'مروة حسان'!$A$13:$A$32, $C$3)+COUNTIFS('إيمان المبارك'!$C$13:$C$32, $A26, 'إيمان المبارك'!$A$13:$A$32, $C$3)) -> 0 | D26: =IF($C$3="جميع الأسابيع", COUNTIF('السيد سالم'!$B$35:$B$70, $A26)+COUNTIF('محمد السويركي'!$B$35:$B$70, $A26)+COUNTIF('خالد عبد ربه'!$B$35:$B$70, $A26)+COUNTIF('ناريمان الحجاجرة'!$B$35:$B$70, $A26)+COUNTIF('مروة حسان'!$B$35:$B$70, $A26)+COUNTIF('إيمان المبارك'!$B$35:$B$70, $A26), COUNTIFS('السيد سالم'!$B$35:$B$70, $A26, 'السيد سالم'!$A$35:$A$70, $C$3)+COUNTIFS('محمد السويركي'!$B$35:$B$70, $A26, 'محمد السويركي'!$A$35:$A$70, $C$3)+COUNTIFS('خالد عبد ربه'!$B$35:$B$70, $A26, 'خالد عبد ربه'!$A$35:$A$70, $C$3)+COUNTIFS('ناريمان الحجاجرة'!$B$35:$B$70, $A26, 'ناريمان الحجاجرة'!$A$35:$A$70, $C$3)+COUNTIFS('مروة حسان'!$B$35:$B$70, $A26, 'مروة حسان'!$A$35:$A$70, $C$3)+COUNTIFS('إيمان المبارك'!$B$35:$B$70, $A26, 'إيمان المبارك'!$A$35:$A$70, $C$3)) -> 0 | E26: =IF($C$3="جميع الأسابيع", COUNTIFS('السيد سالم'!$B$35:$B$70, $A26, 'السيد سالم'!$G$35:$G$70, "تم الحل")+COUNTIFS('محمد السويركي'!$B$35:$B$70, $A26, 'محمد السويركي'!$G$35:$G$70, "تم الحل")+COUNTIFS('خالد عبد ربه'!$B$35:$B$70, $A26, 'خالد عبد ربه'!$G$35:$G$70, "تم الحل")+COUNTIFS('ناريمان الحجاجرة'!$B$35:$B$70, $A26, 'ناريمان الحجاجرة'!$G$35:$G$70, "تم الحل")+COUNTIFS('مروة حسان'!$B$35:$B$70, $A26, 'مروة حسان'!$G$35:$G$70, "تم الحل")+COUNTIFS('إيمان المبارك'!$B$35:$B$70, $A26, 'إيمان المبارك'!$G$35:$G$70, "تم الحل"), COUNTIFS('السيد سالم'!$B$35:$B$70, $A26, 'السيد سالم'!$A$35:$A$70, $C$3, 'السيد سالم'!$G$35:$G$70, "تم الحل")+COUNTIFS('محمد السويركي'!$B$35:$B$70, $A26, 'محمد السويركي'!$A$35:$A$70, $C$3, 'محمد السويركي'!$G$35:$G$70, "تم الحل")+COUNTIFS('خالد عبد ربه'!$B$35:$B$70, $A26, 'خالد عبد ربه'!$A$35:$A$70, $C$3, 'خالد عبد ربه'!$G$35:$G$70, "تم الحل")+COUNTIFS('ناريمان الحجاجرة'!$B$35:$B$70, $A26, 'ناريمان الحجاجرة'!$A$35:$A$70, $C$3, 'ناريمان الحجاجرة'!$G$35:$G$70, "تم الحل")+COUNTIFS('مروة حسان'!$B$35:$B$70, $A26, 'مروة حسان'!$A$35:$A$70, $C$3, 'مروة حسان'!$G$35:$G$70, "تم الحل")+COUNTIFS('إيمان المبارك'!$B$35:$B$70, $A26, 'إيمان المبارك'!$A$35:$A$70, $C$3, 'إيمان المبارك'!$G$35:$G$70, "تم الحل")) -> 0 | F26: =IF($C$3="جميع الأسابيع", COUNTIFS('السيد سالم'!$B$35:$B$70, $A26, 'السيد سالم'!$G$35:$G$70, "مستمرة")+COUNTIFS('محمد السويركي'!$B$35:$B$70, $A26, 'محمد السويركي'!$G$35:$G$70, "مستمرة")+COUNTIFS('خالد عبد ربه'!$B$35:$B$70, $A26, 'خالد عبد ربه'!$G$35:$G$70, "مستمرة")+COUNTIFS('ناريمان الحجاجرة'!$B$35:$B$70, $A26, 'ناريمان الحجاجرة'!$G$35:$G$70, "مستمرة")+COUNTIFS('مروة حسان'!$B$35:$B$70, $A26, 'مروة حسان'!$G$35:$G$70, "مستمرة")+COUNTIFS('إيمان المبارك'!$B$35:$B$70, $A26, 'إيمان المبارك'!$G$35:$G$70, "مستمرة"), COUNTIFS('السيد سالم'!$B$35:$B$70, $A26, 'السيد سالم'!$A$35:$A$70, $C$3, 'السيد سالم'!$G$35:$G$70, "مستمرة")+COUNTIFS('محمد السويركي'!$B$35:$B$70, $A26, 'محمد السويركي'!$A$35:$A$70, $C$3, 'محمد السويركي'!$G$35:$G$70, "مستمرة")+COUNTIFS('خالد عبد ربه'!$B$35:$B$70, $A26, 'خالد عبد ربه'!$A$35:$A$70, $C$3, 'خالد عبد ربه'!$G$35:$G$70, "مستمرة")+COUNTIFS('ناريمان الحجاجرة'!$B$35:$B$70, $A26, 'ناريمان الحجاجرة'!$A$35:$A$70, $C$3, 'ناريمان الحجاجرة'!$G$35:$G$70, "مستمرة")+COUNTIFS('مروة حسان'!$B$35:$B$70, $A26, 'مروة حسان'!$A$35:$A$70, $C$3, 'مروة حسان'!$G$35:$G$70, "مستمرة")+COUNTIFS('إيمان المبارك'!$B$35:$B$70, $A26, 'إيمان المبارك'!$A$35:$A$70, $C$3, 'إيمان المبارك'!$G$35:$G$70, "مستمرة")) -> 0 | G26: =IFERROR(E26/(E26+F26), 0) -> 0 | H26: =IF(D26=0, "لا توجد ملاحظات", IF(F26=0, "تم إغلاق الملاحظات", "يوجد ملاحظات مستمرة")) -> لا توجد ملاحظات
A27: إجمالي المجمعات | B27: =SUM(B16:B26) -> 78 | C27: =SUM(C16:C26) -> 55 | D27: =SUM(D16:D26) -> 23 | E27: =SUM(E16:E26) -> 15 | F27: =SUM(F16:F26) -> 3 | G27: =IFERROR(E27/(E27+F27), 0) -> 0.83333333 | H27: -

Sheet قوائم_البيانات
A1: جميع الأسابيع | B1: جميع المجمعات | C1: ابتدائي
A2: الأسبوع 1 | B2: رواد الإزدهار | C2: متوسط
A3: الأسبوع 2 | B3: رواد الغدير | C3: ثانوي
A4: الأسبوع 3 | B4: رواد عرقة
A5: الأسبوع 4 | B5: رواد أشبيلية
A6: الأسبوع 5 | B6: رواد الأندلس
A7: الأسبوع 6 | B7: رواد قرطبة
A8: الأسبوع 7 | B8: رواد الروابي
A9: الأسبوع 8 | B9: رواد المنصورة
A10: الأسبوع 9 | B10: النخبة -الخرج
A11: الأسبوع 10 | B11: الوسط
A12: الأسبوع 11 | B12: الجودة
A13: الأسبوع 12
A14: الأسبوع 13
A15: الأسبوع 14
A16: الأسبوع 15
A17: الأسبوع 16
A18: الأسبوع 17

Sheet السيد سالم
A1: تقرير متابعة التعليم عن بعد - قسم الرياضيات - المشرف التربوي: السيد سالم
A2: المؤشرات الإجمالية للمشرف (الفصل الدراسي - 17 أسبوعاً) | D2: العدد / النسبة | E2: ملاحظات وتوجيهات الحساب التلقائي
A3: إجمالي عدد المعلمين (تميز / فرص تحسين) | D3: =COUNTA(B13:B32) + COUNTA(D35:D70) -> 19 | E3: تُحسب آلياً من لوحة التميز + سجل التطوير والملاحظات
A4: إجمالي المعلمين المتميزين | D4: =COUNTA(B13:B32) -> 11 | E4: تُحسب آلياً من لوحة المعلمين المتميزين
A5: إجمالي فرص التطوير والملاحظات المرصودة | D5: =COUNTA(E35:E70) -> 8 | E5: تُحسب آلياً من الجدول الموحد للتطوير والملاحظات
A6: الملاحظات التي تم حلها | D6: =COUNTIF(G35:G70, "تم الحل") -> 5 | E6: تُحدث تلقائياً عند اختيار (تم الحل) في حالة الملاحظة
A7: الملاحظات المستمرة | D7: =COUNTIF(G35:G70, "مستمرة") -> 3 | E7: الملاحظات وفرص التطوير الجاري متابعتها
A8: نسبة إغلاق الملاحظات | D8: =IFERROR(D6/(D6+D7), 0) -> 0.625 | E8: نسبة الإنجاز والمعالجة الفعلية للملاحظات
A11: أولاً: لوحة المعلمين المتميزين
A12: الأسبوع | B12: اسم المعلم | C12: المجمع | D12: المرحلة | E12: أبرز الممارسات الإيجابية المرصودة | F12: تاريخ الزيارة
A13: الأسبوع 8 | B13: خالد أبو بكر | C13: رواد عرقة | D13: متوسط | E13: تفعيل عروض بوربوينت متميزة
A14: الأسبوع 8 | B14: رضا النعيمي | C14: رواد عرقة | D14: متوسط | E14: تفعيل حصص ومذكرة القدرات
A15: الأسبوع 8 | B15: ايمن كارم | C15: رواد عرقة | D15: ثانوي | E15: تفعيل حصص القدرات بكفاءة
A16: الأسبوع 8 | B16: طه أبو كريشه | C16: رواد الإزدهار | D16: ابتدائي | E16: التحفيز +فيديوهات من إعداد الزميل +مسابقات التحدي
A17: الأسبوع 8 | B17: عبد الله محتار | C17: رواد الإزدهار | D17: ابتدائي | E17: متابعة الحضور والواجبات على كلاسيرا مع الطلاب + عروض بور بوينت متميزة
A18: الأسبوع 8 | B18: جمال السيد إبراهيم | C18: رواد الغدير | D18: ثانوي | E18: إدارة حصص القدرات بكفاءة وتميز
A19: الأسبوع 8 | B19: أشرف السيد داوود | C19: رواد الغدير | D19: ثانوي | E19: ربط الدرس بالأسئلة التحصيلية رغم صف أول ثانوي | F19: 46309
A20: الأسبوع 8 | B20: السيد نوفل | C20: رواد الإزدهار | D20: ثانوي | E20: إدارة حصة القدرات بتميز وتنوع الاستراتيجيات
A21: الأسبوع 8 | B21: السيد إبراهيم جادو | C21: رواد الإزدهار | D21: متوسط | E21: تفعيل أدوات الذكاء الاصطناعي بمهارة | F21: 46310
A22: الأسبوع 8 | B22: شريف عبد الستار دياب | C22: رواد الإزدهار | D22: ابتدائي | E22: إدارة حصة موهبة بتميز
A23: الأسبوع 9 | B23: محمد سعيد | C23: رواد الإزدهار | D23: ابتدائي | E23: عرض مشروع ستيم بعنوان ( المياه هي الحياة ) | F23: 46313
A33: ثانياً: سجل متابعة التطوير المهني وإغلاق الملاحظات (الجدول الموحد والمبسط)
A34: الأسبوع | B34: المجمع | C34: المرحلة | D34: اسم المعلم (أو ملاحظة عامة) | E34: الملاحظة / فرصة التطوير المحددة | F34: خطة الدعم والإجراء المتخذ | G34: حالة الملاحظة (تم الحل / مستمرة)
A35: الأسبوع 8 | B35: رواد عرقة | C35: ابتدائي | D35: عباس إبراهيم | E35: عدم تفعيل الفصول الافتراضية على كلاسيرا | F35: إرسال روابط للطلاب ( زووم) | G35: مستمرة
A36: الأسبوع 8 | B36: رواد عرقة | C36: ابتدائي | D36: عبد الرحمن حميدة | E36: عدم تفعيل الفصول الافتراضية على كلاسيرا | F36: إرسال روابط للطلاب ( زووم) | G36: مستمرة
A37: الأسبوع 8 | B37: رواد الإزدهار | C37: ابتدائي | D37: أسامه الأشقر | E37: مشكلة في التيمز | F37: تواصل الزميل مع التقنية وتم حل المشكلة | G37: تم الحل
A38: الأسبوع 8 | B38: رواد الإزدهار | C38: متوسط | D38: عبد الحكيم قطب | E38: مشكلة في التيمز | F38: تواصل الزميل مع التقنية وتم حل المشكلة | G38: تم الحل
A39: الأسبوع 8 | B39: رواد الإزدهار | C39: ثانوي | D39: محمد صلاح | E39: مشكلة في التيمز | F39: تواصل الزميل مع التقنية وتم حل المشكلة | G39: تم الحل
A40: الأسبوع 8 | B40: رواد الإزدهار | C40: ثانوي | D40: رجب محمود | E40: مشكلة في التيمز | F40: إنشاء روابط زووم | G40: تم الحل
A41: الأسبوع 9 | B41: رواد الإزدهار | C41: متوسط | D41: أحمد مجاهد | E41: مشكلة في التيمز | F41: إنشاء روابط زووم وإرسالها للطلاب+ التوصل مع التقنية ولم تُحل المشكلة وسيتم متابعتها | G41: مستمرة
A42: الأسبوع 8 | B42: رواد عرقة | C42: ثانوي | D42: أيمن كارم | E42: ضعف عدد الطلاب بسبب عدم توثيق العقود | F42: التواصل مع مدير القسم | G42: تم الحل

Sheet محمد السويركي
A1: تقرير متابعة التعليم عن بعد - قسم الرياضيات - المشرف التربوي: محمد السويركي
A2: المؤشرات الإجمالية للمشرف (الفصل الدراسي - 17 أسبوعاً) | D2: العدد / النسبة | E2: ملاحظات وتوجيهات الحساب التلقائي
A3: إجمالي عدد المعلمين (تميز / فرص تحسين) | D3: =COUNTA(B13:B32) + COUNTA(D35:D70) -> 19 | E3: تُحسب آلياً من لوحة التميز + سجل التطوير والملاحظات
A4: إجمالي المعلمين المتميزين | D4: =COUNTA(B13:B32) -> 17 | E4: تُحسب آلياً من لوحة المعلمين المتميزين
A5: إجمالي فرص التطوير والملاحظات المرصودة | D5: =COUNTA(E35:E70) -> 2 | E5: تُحسب آلياً من الجدول الموحد للتطوير والملاحظات
A6: الملاحظات التي تم حلها | D6: =COUNTIF(G35:G70, "تم الحل") -> 2 | E6: تُحدث تلقائياً عند اختيار (تم الحل) في حالة الملاحظة
A7: الملاحظات المستمرة | D7: =COUNTIF(G35:G70, "مستمرة") -> 0 | E7: الملاحظات وفرص التطوير الجاري متابعتها
A8: نسبة إغلاق الملاحظات | D8: =IFERROR(D6/(D6+D7), 0) -> 1 | E8: نسبة الإنجاز والمعالجة الفعلية للملاحظات
A11: أولاً: لوحة المعلمين المتميزين
A12: الأسبوع | B12: اسم المعلم | C12: المجمع | D12: المرحلة | E12: أبرز الممارسات الإيجابية المرصودة | F12: تاريخ الزيارة
A13: الأسبوع 8 | B13: عبد الحكيم سالمان | C13: رواد الأندلس | D13: متوسط | E13: توظيف منصة كاهوت و توليد الأسئلة بالذكائ الاصطناعي في نافس الرياضيات
A14: الأسبوع 8 | B14: أحمد حسن | C14: رواد قرطبة | D14: ثانوي | E14: متابعة أعمال الطلاب التحريرية التي يرسلها الطلاب على الشات
A15: الأسبوع 8 | B15: رضا السعيد | C15: رواد قرطبة | D15: ثانوي | E15: تفعيل استراتيجيات الحل السريع في القدرات الكمي مع تحديد وقت تنازلي لتعزيز السرعة و الدقة | F15: 18 اكتوبر 2026
A16: الأسبوع 8 | B16: محمد عامر | C16: رواد قرطبة | D16: ثانوي | E16: تفعيل عرض بوربوينت بجودة عالية و متابعة اعمال الطلاب
A17: الأسبوع 8 | B17: محمود خطاب | C17: رواد قرطبة | D17: ابتدائي | E17: تحفيز الطلاب وتقويم أدائهم باستمرار، والتحقق من استيعابهم
A18: الأسبوع 8 | B18: طه إمام | C18: رواد قرطبة | D18: ثانوي | E18: تفعيل بوربوينت بجودة عالية و التحقق من استيعاب الطلاب
A19: الأسبوع 8 | B19: فارس الحربي | C19: رواد أشبيلية | D19: ابتدائي | E19: التنوع في استراتيجيات التدريس و تحفيز الطلاب
A20: الأسبوع 8 | B20: محمد الشهري | C20: رواد أشبيلية | D20: ابتدائي | E20: التنوع في استراتيجيات التدريس و تحفيز الطلاب
A21: الأسبوع 8 | B21: عبدالله الرازقي | C21: رواد أشبيلية | D21: ابتدائي | E21: تفعيل بوربوينت بجودة عالية و التحقق من استيعاب الطلاب
A22: الأسبوع 8 | B22: حسن شعبان | C22: رواد أشبيلية | D22: متوسط | E22: تفعيل بوربوينت بجودة عالية و التحقق من استيعاب الطلاب
A23: الأسبوع 8 | B23: فهد العتيبي | C23: رواد أشبيلية | D23: متوسط | E23: التنوع في استراتيجيات التدريس و تحفيز الطلاب
A24: الأسبوع 8 | B24: ياسر عامر | C24: رواد أشبيلية | D24: ثانوي | E24: توظيف الذكاء الاصطناعي في توليد أسئلة في القدرات الكمي
A25: الأسبوع 8 | B25: وليد عبد المنعم | C25: رواد أشبيلية | D25: ثانوي | E25: تفعيل استراتيجيات الحل الذ1هني السريع
A26: الأسبوع 8 | B26: ياسر السويركي | C26: رواد الأندلس | D26: ابتدائي | E26: تفعيل برامج تقنية تفاعلية تعليمية و برامج تحفيزية
A27: الأسبوع 8 | B27: أحمد مشهور | C27: رواد الأندلس | D27: متوسط | E27: تفعيل بوربوينت بجودة عالية و تحفيز الطلاب
... A29: الأسبوع 8 | B29: محمد الخلف | C29: رواد الأندلس | D29: ثانوي | E29: تفعيل بوربوينت بجودة عالية و التحقق من استيعاب الطلاب
A33: ثانياً: سجل متابعة التطوير المهني وإغلاق الملاحظات (الجدول الموحد والمبسط)
A34: الأسبوع | B34: المجمع | C34: المرحلة | D34: اسم المعلم (أو ملاحظة عامة) | E34: الملاحظة / فرصة التطوير المحددة | F34: خطة الدعم والإجراء المتخذ | G34: حالة الملاحظة (تم الحل / مستمرة)
A35: الأسبوع 9 | B35: رواد أشبيلية | C35: متوسط | D35: جلوي العتيبي | E35: مشكلة في التيمز | F35: تم حلها بالتواصل مع مسؤول التقنية | G35: تم الحل
A36: الأسبوع 8 | B36: رواد أشبيلية | C36: متوسط | D36: فهد العتيبي | E36: مشكلة في التيمز | F36: تم حلها بالتواصل مع مسؤول التقنية | G36: تم الحل

Sheet خالد عبد ربه
A1: تقرير متابعة التعليم عن بعد - قسم الرياضيات - المشرف التربوي: خالد عبد ربه
A2: المؤشرات الإجمالية للمشرف (الفصل الدراسي - 17 أسبوعاً) | D2: العدد / النسبة | E2: ملاحظات وتوجيهات الحساب التلقائي
A3: إجمالي عدد المعلمين (تميز / فرص تحسين) | D3: =COUNTA(B13:B32) + COUNTA(D35:D70) -> 0 | E3: تُحسب آلياً من لوحة التميز + سجل التطوير والملاحظات
A4: إجمالي المعلمين المتميزين | D4: =COUNTA(B13:B32) -> 0 | E4: تُحسب آلياً من لوحة المعلمين المتميزين
A5: إجمالي فرص التطوير والملاحظات المرصودة | D5: =COUNTA(E35:E70) -> 0 | E5: تُحسب آلياً من الجدول الموحد للتطوير والملاحظات
A6: الملاحظات التي تم حلها | D6: =COUNTIF(G35:G70, "تم الحل") -> 0 | E6: تُحدث تلقائياً عند اختيار (تم الحل) في حالة الملاحظة
A7: الملاحظات المستمرة | D7: =COUNTIF(G35:G70, "مستمرة") -> 0 | E7: الملاحظات وفرص التطوير الجاري متابعتها
A8: نسبة إغلاق الملاحظات | D8: =IFERROR(D6/(D6+D7), 0) -> 0 | E8: نسبة الإنجاز والمعالجة الفعلية للملاحظات
A11: أولاً: لوحة المعلمين المتميزين
A12: الأسبوع | B12: اسم المعلم | C12: المجمع | D12: المرحلة | E12: أبرز الممارسات الإيجابية المرصودة | F12: تاريخ الزيارة
A33: ثانياً: سجل متابعة التطوير المهني وإغلاق الملاحظات (الجدول الموحد والمبسط)
A34: الأسبوع | B34: المجمع | C34: المرحلة | D34: اسم المعلم (أو ملاحظة عامة) | E34: الملاحظة / فرصة التطوير المحددة | F34: خطة الدعم والإجراء المتخذ | G34: حالة الملاحظة (تم الحل / مستمرة)

Sheet ناريمان الحجاجرة
A1: تقرير متابعة التعليم عن بعد - قسم الرياضيات - المشرف التربوي: ناريمان الحجاجرة
A2: المؤشرات الإجمالية للمشرف (الفصل الدراسي - 17 أسبوعاً) | D2: العدد / النسبة | E2: ملاحظات وتوجيهات الحساب التلقائي
A3: إجمالي عدد المعلمات (تميز / فرص تحسين) | D3: =COUNTA(B13:B32) + COUNTA(D35:D70) -> 17 | E3: تُحسب آلياً من لوحة التميز + سجل التطوير والملاحظات
A4: إجمالي المعلمين المتميزين | D4: =COUNTA(B13:B32) -> 12 | E4: تُحسب آلياً من لوحة المعلمين المتميزين
A5: إجمالي فرص التطوير والملاحظات المرصودة | D5: =COUNTA(E35:E70) -> 5 | E5: تُحسب آلياً من الجدول الموحد للتطوير والملاحظات
A6: الملاحظات التي تم حلها | D6: =COUNTIF(G35:G70, "تم الحل") -> 0 | E6: تُحدث تلقائياً عند اختيار (تم الحل) في حالة الملاحظة
A7: الملاحظات المستمرة | D7: =COUNTIF(G35:G70, "مستمرة") -> 0 | E7: الملاحظات وفرص التطوير الجاري متابعتها
A8: نسبة إغلاق الملاحظات | D8: =IFERROR(D6/(D6+D7), 0) -> 0 | E8: نسبة الإنجاز والمعالجة الفعلية للملاحظات
A11: أولاً: لوحة المعلمين المتميزين
A12: الأسبوع | B12: اسم المعلم | C12: المجمع | D12: المرحلة | E12: أبرز الممارسات الإيجابية المرصودة | F12: تاريخ الزيارة
A13: الأسبوع 8 | B13: ريم العنزي | C13: رواد قرطبة | D13: متوسط | E13: توظيف التطبيقات التفاعلية بدرس طرح الاعداد الحقيقة | F13: 12 أوكتوبر
A14: الأسبوع 8 | B14: نورة الخريب | C14: رواد الأندلس | D14: ابتدائي | E14: وظفت درس ثري يتمحور على الطالبات العملية التعليمية وتوظيف التعلم باللعب في مجموعات تنافسية عبر منصة Wordwall | F14: 13أوكتوبر
A15: الأسبوع 8 | B15: احلام جابر | C15: رواد الأندلس | D15: متوسط | E15: تخفيز الطالبات في الفصول الافتراضية بأصدار لوحة نجوم وشهادات تحفيز وشكر وتفعيل التقنية الفعالة وتطبيق ماثجون | F15: 13 أوكتوبر
A16: الأسبوع 8 | B16: نوير العجمي | C16: رواد أشبيلية | D16: ابتدائي | E16: تسلسل درس منطقي متكامل وربط المقرر بمهارات نافس | F16: 14 أوكتوبر
A17: الأسبوع 8 | B17: فاديا العتيبي | C17: رواد أشبيلية | D17: ابتدائي | E17: عرض تقديمي متنوع من استراتجيات فعالة تخدم التعلم عن بعد وتوظيف التقنية في طرح الاعداد المكونة من ثلاثة أرقام | F17: 14 أوكتوبر
A18: الأسبوع 8 | B18: ريمةالقحطاني | C18: رواد أشبيلية | D18: ابتدائي | E18: توظيف التطبيقات التفاعلية بدرس طرح الاعداد الحقيقة | F18: 14 أوكتوبر
A19: الأسبوع 8 | B19: منيرة العتيبي | C19: رواد قرطبة | D19: ابتدائي | E19: تخفيز الطالبات في الفصول الافتراضية بأصدار لوحة نجوم وشهادات تحفيز وشكر وتفعيل التقنية الفعالة وتطبيق ماثجون | F19: 12 أوكتوبر
A20: الأسبوع 8 | B20: فاطمة الشهراني | C20: رواد قرطبة | D20: ابتدائي | E20: تفعيل التطبيقات التفاعلية واصدار شهادات تميز للمتفاعلين وحفزت انضباط الطلاب | F20: 13أوكتوبر
A21: الأسبوع 8 | B21: ساجدة أبو عابد | C21: رواد قرطبة | D21: ثانوي | E21: تفعيل ممتاز وفاعل لفصل افتراضي لحصة تدريب القدرات | F21: 12 أوكتوبر
A22: الأسبوع 8 | B22: بدرية الشمري | C22: رواد قرطبة | D22: ثانوي | E22: أفضل تفعيل لتدريب نسمو عن بعد | F22: 12 أوكتوبر
A23: الأسبوع 8 | B23: سماح النخلي | C23: رواد أشبيلية | D23: متوسط | E23: توظيف اسئلة مهارات التفكير العليا والتنوع بالأسئلة المطروحة حسب هرم بلوم | F23: 15 أوكتوبر
A24: الأسبوع 8 | B24: هدى عطية | C24: رواد أشبيلية | D24: ابتدائي | E24: قمة التفاعل والحماس من الطالبات الذي وظفته وتوظيف التعلم باللعب وكسر الجمود بالحصة | F24: 12 أوكتوبر
A33: ثانياً: سجل متابعة التطوير المهني وإغلاق الملاحظات (الجدول الموحد والمبسط)
A34: الأسبوع | B34: المجمع | C34: المرحلة | D34: اسم المعلم (أو ملاحظة عامة) | E34: الملاحظة / فرصة التطوير المحددة | F34: خطة الدعم والإجراء المتخذ | G34: حالة الملاحظة (تم الحل / مستمرة)
A35: الأسبوع 8 | B35: رواد أشبيلية | C35: ابتدائي | D35: نورة المطيري | E35: الاستغراق وقت طويل بالتمهيد للدرس استغرق 25 دقيقة قبل البدي بالمفهوم الاساسي | F35: التخطيط الفعال للدروس
A36: الأسبوع 8 | B36: رواد أشبيلية | C36: متوسط | D36: ابتسام المطيري | E36: الانتقال من الشرح التقليدي النمطي بحصص موهبة إلى أنشطة تنفذها طالبات فصول موهبة وبمهام واضحة وتحقيق التمايز واستغلال الفصل المقلوب | F36: دعم المعلمة بشرح استمارة موهبة
A37: الأسبوع 8 | B37: رواد قرطبة | C37: ثانوي | D37: اسراء خالد | E37: حل المشاكل اضافة الفصول الافتراضية عبر منصة كلاسيرا والعمل على تجنب الروابط الخارجية | F37: التواصل مع إدارة القسم
A38: الأسبوع 8 | B38: رواد الأندلس | C38: ثانوي | D38: روان القحطاني | E38: التقنية الفاعلة في إدارة الفصول الأفتراضية | F38: دعم المعلمة المستجدة بدورات تطوير مهني لدعمها
A39: الأسبوع 8 | B39: رواد أشبيلية | C39: متوسط | D39: العنود الحربي | E39: ضبط العروض والدروس التفاعلية التي تحمل هوية شركة عطاء التعليمية والالتزام الكلي بالتخطيط الخماسي | F39: دعم المعلمة بتطوير مهارات العروض وانشاءها

Sheet مروة حسان
A1: تقرير متابعة التعليم عن بعد - قسم الرياضيات - المشرف التربوي: مروة حسان
A2: المؤشرات الإجمالية للمشرف (الفصل الدراسي - 17 أسبوعاً) | D2: العدد / النسبة | E2: ملاحظات وتوجيهات الحساب التلقائي
A3: إجمالي عدد المعلمات (تميز / فرص تحسين) | D3: =COUNTA(B13:B32) + COUNTA(D35:D70) -> 23 | E3: تُحسب آلياً من لوحة التميز + سجل التطوير والملاحظات
A4: إجمالي المعلمين المتميزين | D4: =COUNTA(B13:B32) -> 15 | E4: تُحسب آلياً من لوحة المعلمين المتميزين
A5: إجمالي فرص التطوير والملاحظات المرصودة | D5: =COUNTA(E35:E70) -> 8 | E5: تُحسب آلياً من الجدول الموحد للتطوير والملاحظات
A6: الملاحظات التي تم حلها | D6: =COUNTIF(G35:G70, "تم الحل") -> 8 | E6: تُحدث تلقائياً عند اختيار (تم الحل) في حالة الملاحظة
A7: الملاحظات المستمرة | D7: =COUNTIF(G35:G70, "مستمرة") -> 0 | E7: الملاحظات وفرص التطوير الجاري متابعتها
A8: نسبة إغلاق الملاحظات | D8: =IFERROR(D6/(D6+D7), 0) -> 1 | E8: نسبة الإنجاز والمعالجة الفعلية للملاحظات
A11: أولاً: لوحة المعلمين المتميزين
A12: الأسبوع | B12: اسم المعلم | C12: المجمع | D12: المرحلة | E12: أبرز الممارسات الإيجابية المرصودة | F12: تاريخ الزيارة
A13: الأسبوع 8 | B13: أمجاد قعاري | C13: رواد الروابي | D13: ابتدائي | E13: الإدارة العالية لتفاعل الطالبات و تثبيت مهارات الدرس بتقويم ختامي مميزبتوظيف التقنية + توظيف معامل الرياضيات الأفتراضية لتمثيل العمليات الحسابية | F13: 46308
A14: الأسبوع 8 | B14: روان الرثيع | C14: رواد الروابي | D14: ابتدائي | E14: عروض تقديمية إبداعية للدرس بإستراتيجيات تتناسب مع طالبات الصف الأول الابتدائي و تفعيل مميز للـ wordwall | F14: 46306
A15: الأسبوع 8 | B15: سارة الصوينع | C15: رواد الروابي | D15: ابتدائي | E15: تفعيل معامل الرياضيات الإلكترونية لمراجعة وترسيخ جدول الضرب في 2، تفعيل wordwall ، عرض فيديو لأهمية واستخدامات الاحتمالات في واقع الحياة | F15: 46308
A16: الأسبوع 8 | B16: سلطانة الطلاحين | C16: رواد الروابي | D16: متوسط | E16: تنفيذ تحديات إلكترونية بين الطالبات في تعزيز مهارات كل درس عن طريق موقع إلعاب الرياضيات للصف الأول المتوسط | F16: 13 أكتوبر - 15 أكتوبر
A17: الأسبوع 8 | B17: نجود هزازي | C17: رواد الروابي | D17: متوسط | E17: تنوع الاستراتيجيات، توظيف الذكاء الاصطناعي ، و التدريب على الاختبارات الوطنية | F17: 46306
A18: الأسبوع 8 | B18: عفاف الحربي | C18: رواد الروابي | D18: ثانوي | E18: تفعيل الجيوجبرا لتمثيل معادلات المستقيم | F18: 46306
A19: الأسبوع 8 | B19: الهنوف الغامدي | C19: رواد المنصورة | D19: ابتدائي | E19: تنفيذ تحدي لمراجعة جدول الضرب( طلاقة جدول الضرب) بتوظيف أداة الذكاء الاصطناعي claude.ai ، تنفيذ مسابقة روبلوكس( دوري أبطال الرياضيات) لتعزيز مهارة العمليات الحسابية لدى الطالبات | F19: 46308
A20: الأسبوع 8 | B20: عفاف الصغير | C20: رواد المنصورة | D20: ابتدائي | E20: أداء متميز في حصص نافس وتدريب الطالبات على استراتيجيات الحل - تعزيز مميز للطالبات المتميزات في جدول الضرب بإصدار بطاقة شكر | F20: 46307
A21: الأسبوع 8 | B21: فاطمة المنسي | C21: رواد المنصورة | D21: متوسط | E21: توظيف تطبيق كلاود التفاعلي في دراسة الأبعاد في المستوى الإحداثي و تنفيذ اختبار تفاعلي | F21: 46307
A22: الأسبوع 8 | B22: نجود العتيبي | C22: رواد المنصورة | D22: متوسط | E22: توظيف أدوات الذكاء الاصطناعي ( رابط) ، و توظيفه في إعداد مكتشف نقطة المنتصف | F22: 46307
A23: الأسبوع 8 | B23: دلال عرفان | C23: رواد المنصورة | D23: ثانوي | E23: تفعيل الجيوجبرا في درس الدوال الأسية لتمثيل الدوال وتقدير القيم، وتفعيل حصص القدرات بكفاءة
A24: الأسبوع 8 | B24: نهال العويني | C24: رواد المنصورة | D24: ثانوي | E24: توظيف wordwall في ترسيخ وتثبيت نظريات إثبات توازي مستقيمين و توظيف التعلم باللعب( لعبة المتاهة) ، وإعداد فيديو تعزيزي شكر وتقدير للطالبات المشاركات والمتفاعلات | F24: 12 أكتوبر و 15 أكتوبر
A25: الأسبوع 8 | B25: رزان الحربي | C25: الوسط | D25: ابتدائي | E25: تفعيل الوسائط المتنوعة في دعم وإثراء الحصص | F25: 46309
A26: الأسبوع 8 | B26: دينا أيمن | C26: الوسط | D26: ثانوي | E26: توظيف wordwall في درس صيغ معادلة المستقيم ، الربط بأسئلة التحصيلي التدريب على استراتيجيات الحل | F26: 46309
A27: الأسبوع 8 | B27: سعاد العتيبي | C27: الوسط | D27: ثانوي | E27: ربط الدروس بأسئلة التحصيلي | F27: 11 أكتوبر و 14 أكتوبر
A33: ثانياً: سجل متابعة التطوير المهني وإغلاق الملاحظات (الجدول الموحد والمبسط)
A34: الأسبوع | B34: المجمع | C34: المرحلة | D34: اسم المعلم (أو ملاحظة عامة) | E34: الملاحظة / فرصة التطوير المحددة | F34: خطة الدعم والإجراء المتخذ | G34: حالة الملاحظة (تم الحل / مستمرة)
A35: الأسبوع 8 | B35: رواد الروابي | C35: ثانوي | D35: بسمة كحلوت | E35: خلل تقني بحساب المعلمة وإضافة الفصول الافتراضية على كلاسيرا | F35: التوجيه بخطة بديلة وإنشاء فصول افتراضية خارجية | G35: تم الحل
A36: الأسبوع 8 | B36: رواد الروابي | C36: ثانوي | D36: عفاف الحربي | E36: استغراق وقت طويل في قبول الطالبات في ساحة الانتظار | F36: إرسال فيديو في مجموعة المعلمات لطريقة فتح الاجتماع للجميع + الدخول مع المعلمة وحل المشكلة | G36: تم الحل
A37: الأسبوع 8 | B37: رواد الروابي | C37: ثانوي | D37: أماني الوليدي | E37: تغيب الطالبات كليًا عن حصص الإحصاء | F37: التوصية بتواصل الإدارة مع الطالبات وأمهاتهن لحثهن وبيان أهمية الحضور | G37: تم الحل
A38: الأسبوع 8 | B38: رواد الروابي | C38: متوسط | D38: نوال المهدي | E38: عدم مشاركة الشاشة (عرض تقديمي للدرس) | F38: التواصل المباشر مع المعلمة | G38: تم الحل
A39: الأسبوع 8 | B39: رواد الروابي | C39: ابتدائي | D39: منى المطيري | E39: استغراق وقت طويل في قبول الطالبات في ساحة الانتظار | F39: إرسال فيديو في مجموعة المعلمات لطريقة فتح الاجتماع للجميع + التواصل مع مديرة المدرسة بعد تكرر الملاحظة | G39: تم الحل
A40: الأسبوع 8 | B40: رواد المنصورة | C40: ابتدائي | D40: جواهر الدوسري | E40: إدارة زمن الحصة، حيث استغرق البدء الفعلي للدرس مايقارب نصف وقت زمن الحصة | F40: التخطيط الجيد وإدارة زمن الحصة الافتراضية بكفاءة والاستغلال المثل لوقت الحصة | G40: تم الحل
A41: الأسبوع 8 | B41: رواد المنصورة | C41: ابتدائي | D41: لمياء الجعيد | E41: ضبط طالبات الصف الأول الابتدائي في القاعة الافتراضية | F41: توجيه عام في مجموعة المعلمات بضبط تفاعل الطالبات وتعطيل الكاميرا و المايك إن لزم الأمر وفتحه فقط للطالبة المشاركة | G41: تم الحل
A42: الأسبوع 8 | B42: الوسط | C42: متوسط | D42: أنفال الحربي | E42: التمثيل البياني لمعادلات المستقيم واستنتاج ميل المستقيمات | F42: تفعيل الجيوجبرا والأدوات الهندسية والاستعداد بتفعيل السبورة البيضاء(تم تزويدها بفيديو شرح) | G42: تم الحل

Sheet إيمان المبارك
A1: تقرير متابعة التعليم عن بعد - قسم الرياضيات - المشرف التربوي: إيمان المبارك
A2: المؤشرات الإجمالية للمشرف (الفصل الدراسي - 17 أسبوعاً) | D2: العدد / النسبة | E2: ملاحظات وتوجيهات الحساب التلقائي
A3: إجمالي عدد المعلمات (تميز / فرص تحسين) | D3: =COUNTA(B13:B32) + COUNTA(D35:D70) -> 0 | E3: تُحسب آلياً من لوحة التميز + سجل التطوير والملاحظات
A4: إجمالي المعلمين المتميزين | D4: =COUNTA(B13:B32) -> 0 | E4: تُحسب آلياً من لوحة المعلمين المتميزين
A5: إجمالي فرص التطوير والملاحظات المرصودة | D5: =COUNTA(E35:E70) -> 0 | E5: تُحسب آلياً من الجدول الموحد للتطوير والملاحظات
A6: الملاحظات التي تم حلها | D6: =COUNTIF(G35:G70, "تم الحل") -> 0 | E6: تُحدث تلقائياً عند اختيار (تم الحل) في حالة الملاحظة
A7: الملاحظات المستمرة | D7: =COUNTIF(G35:G70, "مستمرة") -> 0 | E7: الملاحظات وفرص التطوير الجاري متابعتها
A8: نسبة إغلاق الملاحظات | D8: =IFERROR(D6/(D6+D7), 0) -> 0 | E8: نسبة الإنجاز والمعالجة الفعلية للملاحظات
A11: أولاً: لوحة المعلمين المتميزين
A12: الأسبوع | B12: اسم المعلم | C12: المجمع | D12: المرحلة | E12: أبرز الممارسات الإيجابية المرصودة | F12: تاريخ الزيارة
A13: الأسبوع 8
A33: ثانياً: سجل متابعة التطوير المهني وإغلاق الملاحظات (الجدول الموحد والمبسط)
A34: الأسبوع | B34: المجمع | C34: المرحلة | D34: اسم المعلم (أو ملاحظة عامة) | E34: الملاحظة / فرصة التطوير المحددة | F34: خطة الدعم والإجراء المتخذ | G34: حالة الملاحظة (تم الحل / مستمرة)
